,"DDe ep pth th |
(cm)
(cm)","Hori-
Hori-
zzo on n |","Sand
Sand
(( 22. .00- -0 0. .0 05
5
mm)
mm)
((%%) )","SSiilltt
(0.05-
(0.05-
0.002mm)|
0.002mm)
((%%) )","Clay
Clay
(<0.002
«0.002
mm)
mm)
((%%) )","Texture
Texture","| CCo oa ars rse e
ffr ra ag g. . |
vvool.l . |
((%%) )","| ppH H
11: :2 2. .5
5
water
water","EC
EC
| 11: :2 2. .5 5
| wwa ate ter r
(dS/m)
(dS/m)",lat_long,page,x,y,state
0,0-14 0 - 14,A,68.3,15.1,16.6,ssl l,-7,6.4,0.05,"19° 12'05"" Nand 83°36'45"" E ",19,19.20138889,83.6125,Orissa
1,14-32 14 -32,BBtlt l,48.6,24.1,273 27.3,ssccli,--,66..33,0.05,"19° 12'05"" Nand 83°36'45"" E ",19,19.20138889,83.6125,Orissa
2,332 2 -— 4 49 9,Bt2,36.5,29.6,33.9,ccll,-7,6.2,0.05,"19° 12'05"" Nand 83°36'45"" E ",19,19.20138889,83.6125,Orissa
3,449 9 -— 773 3,Bt3,48.9,18.5,32.6,ssccli,--,6.2,0.05,"19° 12'05"" Nand 83°36'45"" E ",19,19.20138889,83.6125,Orissa
4,773 3 -— 8866,Bt4,45.4,22.1,32.5,ccll,--,6.2,0.05,"19° 12'05"" Nand 83°36'45"" E ",19,19.20138889,83.6125,Orissa
5,86+,Cr,weathered parent materials. Ulpathered parent materials,,,,,,,"19° 12'05"" Nand 83°36'45"" E ",19,19.20138889,83.6125,Orissa
6,DDe ep pth th | (cm) (em),Hori- zzo on n |,Sand (( 22. .00- -0 0. .0 05 5 mm) (%),SSilitl t (0.05- 0.002mm) (%),Clay (<0.002 «0.002 mm) (%),Texture,| CCo oa ars rse e | ffrraagg. . | vvool.l . (%),ppH H 11::22..55 water,EC | 11::22..55 | wwa ate ter r (dS/m),"19°56'45""N and 84°05' E ",21,19.94583333,84.08333333,Orissa
7,0-14 0 - 14,A,68,9.6,22.4,ssccli,-=,5.5,0.13,"19°56'45""N and 84°05' E ",21,19.94583333,84.08333333,Orissa
8,114 4 -— 228 8,Btl,63.5,8.4,28.1,ssccli,--,5.9,0.09,"19°56'45""N and 84°05' E ",21,19.94583333,84.08333333,Orissa
9,28 — 59 28 - 59,Bt2,50.2,114 4.1. 1,35.7,sscc,--,6,0.07,"19°56'45""N and 84°05' E ",21,19.94583333,84.08333333,Orissa
10,59 — 95 59 - 95,Bt3,58,5.8,36.2,sscc,--,6.2,0.05,"19°56'45""N and 84°05' E ",21,19.94583333,84.08333333,Orissa
11,95-150 95 - 150 |,BBt t4 4,60,5.9,34.1,ssccli,--,6.4,0.03,"19°56'45""N and 84°05' E ",21,19.94583333,84.08333333,Orissa
12,0-15 0- 15,Ap,62,23.3,1144..77,ssll,--,5.8,0.18,"19° 41 '10""N and 84°21'30"" ",23,19.68611111,84.35833333,Orissa
13,15-31 IS - 31,BBtlt l,42.7,23.8,33.5,cclI,-~,6,0.14,"19° 41 '10""N and 84°21'30"" ",23,19.68611111,84.35833333,Orissa
14,331 1—- 6600,Bt2,34.5,28.7,36.8,ccll,--,66..00 |,0. 01 .1 1 1,"19° 41 '10""N and 84°21'30"" ",23,19.68611111,84.35833333,Orissa
15,660 0 -— 998 8,Bt3,32.1,23.6,44.3,cc,--,6.1,0.07,"19° 41 '10""N and 84°21'30"" ",23,19.68611111,84.35833333,Orissa
16,98-150 98 - 150 |,BBt t4 4,24.8,25.3,49.9,cc,--,6.3,0.04,"19° 41 '10""N and 84°21'30"" ",23,19.68611111,84.35833333,Orissa
17,Depth | Depth (em),Hori- zon,Sand (2.0-0.05 mm) ((%%) ),SSiiltl t (0.05- 0.002mm)| O.002mm) ((%%) ),Clay (<0.002 «0.002 mm) ((%*) ),TTe ex xt tu ure re |,CCo oa ars rse e | ppH H ff rra ag g. . 11: :2 2. .5 5 | vvool.l . | wwa ate ter r ((%a) ),,EC 11: :2 2. .5 5 water | water (dS/m)_ (dS/m),"19°50'20"" Nand 84°49'20"" ",25,19.83888889,84.82222222,Orissa
18,0-14 0 - ]4,A,60,11.5,28.5,sc] scI,--,6.6,0.16,"19°50'20"" Nand 84°49'20"" ",25,19.83888889,84.82222222,Orissa
19,11 44 - - 4 40 0 |,B Bw wi l,50,18.8,31.2,scl sci,-~,6.7,0.07,"19°50'20"" Nand 84°49'20"" ",25,19.83888889,84.82222222,Orissa
20,440 0 -— 660 0,Bw2,54.5,14.4,31.1,scl scI,--,7,0.05,"19°50'20"" Nand 84°49'20"" ",25,19.83888889,84.82222222,Orissa
21,60-90 | 60 - 90,Bw3,52,16,32,sc] scI,-~,7.5,0.05,"19°50'20"" Nand 84°49'20"" ",25,19.83888889,84.82222222,Orissa
22,90-125 90 - 125,| BBw w4 4,58.1,12.6,29.3,ssccli,-,7.8,0.06,"19°50'20"" Nand 84°49'20"" ",25,19.83888889,84.82222222,Orissa
23,Depth | Depth (cm),Hori- zzo on o |,Sand (( 22. .00- -0 0. .0 05 5 mm) A) (%),Silt SUt (0.05- 0.002mm); 0.002mm) ((%%) ),Clay (<0.002 «0.002 mm) ((%%) ),Texture,| CCo oa ars rse e frag. vvool.l . | ((%%) ),"pH | pH | 11: :2 2. .5 5 wwat ae tr e, r",EC | 11: :2 2. .5 5 water (dS/m),"19°49'30"" N a'1d 83°44' 13"" E ",27,19.825,83.73694444,Orissa
24,0-14 0 - 14,Ap,20,41.9,38.1,ccll,--,44. .9 9,0.1) 0.11,"19°49'30"" N a'1d 83°44' 13"" E ",27,19.825,83.73694444,Orissa
25,14-35 | 14 - 35,Bwegl Bwgl,24.2,34.5,41.3,cc,--,6.3,0.07,"19°49'30"" N a'1d 83°44' 13"" E ",27,19.825,83.73694444,Orissa
26,33 55 - -5 5 | 5 5,BBw wg g2 2,2288..44,3344..22,3377..44,ccll,--,6.3,00..0077,"19°49'30"" N a'1d 83°44' 13"" E ",27,19.825,83.73694444,Orissa
27,55-69 | 55 - 69,BBw wg g3 3,20.7,35.1,44.2,cc,--,66..55,0.08,"19°49'30"" N a'1d 83°44' 13"" E ",27,19.825,83.73694444,Orissa
28,66 99 - -9 5 9 5 |,BBw wg g4 4,24.3,33.2,42.5,c¢,-,66..66,0.05,"19°49'30"" N a'1d 83°44' 13"" E ",27,19.825,83.73694444,Orissa
29,DDe ep pth th | (cm) (ern),Hori- Hor;- zzo on n |,Sand (( 22. .00- -0 0. .0 05 5 mm) rnm) (%),SSiillt t (0.05- 0.002mm)} 0.OO2mm) (A) (%),Clay (<0.002 «0.002 mm) (%),TTe ex xtu ture r e |,CCo oar as re e frag. vvool.l . | (%),| ppH H | 11: :2 2. .5 5 wwa ate ter r,EC | 11: :2 2. .5 5 | wwa ate ter r (dS/m),"19°19'42""N and 83° 30'45' E ",29,19.32833333,83.5125,Orissa
30,0-7 0 - 7,Ap,10.1,47.6,42.3,sic,-~,6.4,0.23,"19°19'42""N and 83° 30'45' E ",29,19.32833333,83.5125,Orissa
31,7-19 | 7 - 19,Bwgl,11.4,44.5,"44,1 44.1",sic,--,6.8,0.16,"19°19'42""N and 83° 30'45' E ",29,19.32833333,83.5125,Orissa
32,11 99 - -5 1 | 5 1,Bwg2,24.7,26.1,49.2,cc,--,A 57 .1,0.18,"19°19'42""N and 83° 30'45' E ",29,19.32833333,83.5125,Orissa
33,51-72 | 51 - 72,Bwg3,28.1,17.8,54.1,cc,-,7.3,0.12,"19°19'42""N and 83° 30'45' E ",29,19.32833333,83.5125,Orissa
34,77 22 - -1 0 10 | 0 0,Bwg4,27.5,18.9,53.6,cc,--,6.9,0.11,"19°19'42""N and 83° 30'45' E ",29,19.32833333,83.5125,Orissa
35,11 00 00 - — 115 55 5 _|,BBw wg gS 5,25.9,1199..33,54.8,cc,--,7.2,0.11,"19°19'42""N and 83° 30'45' E ",29,19.32833333,83.5125,Orissa
36,DDe ep pth th | (cm),Hori- Bori- zzo on n |,Sand (( 22. .00- -0 0. .0 05 5 mm) (%),SSiiltl t (0.05- 0.002mm)| O.OOlmm) (%),Clay (<0.002 «0.002 mm) (%),Texture Texture |,Coarse ffr ra ag g. . | vol. | vol. (%),| ppH H 11: :2 2. .5 5 | wwa ate ter r,EC 11: :2 2. .5 5 | wwa ate ter r (dS/m),"20·16' 0' Nand 84· 58'45"" ",31,20.26666667,84.97916667,Orissa
37,0-10,Ap,40,3377..77,"«2.3 ... ""'.3",II,--,55..77,0.22,"20·16' 0' Nand 84· 58'45"" ",31,20.26666667,84.97916667,Orissa
38,11 00 - -3 30 0 |,BBw wi l,40.8,28.3,30.9,sscclI,-,6.4,0.14,"20·16' 0' Nand 84· 58'45"" ",31,20.26666667,84.97916667,Orissa
39,330 0— -5 0 5 0 |,BBw w2 2,42.3,1199..33,38.4,sc,-~,6.8,0.17,"20·16' 0' Nand 84· 58'45"" ",31,20.26666667,84.97916667,Orissa
40,50-70 50-70 |,B Bw w3 3,44.8,99..33,45.9,sscc,--,Te 7.2,0.13,"20·16' 0' Nand 84· 58'45"" ",31,20.26666667,84.97916667,Orissa
41,70-86 | 70 - 86,BBw w4 4,40.3,23.5,36.2,ccll,55,7.5,0.12,"20·16' 0' Nand 84· 58'45"" ",31,20.26666667,84.97916667,Orissa
42,86-146 86 - 146,| BBw ws 5,39.8,25.8 25-.8,34.3,ccll,88,7.5,0.1,"20·16' 0' Nand 84· 58'45"" ",31,20.26666667,84.97916667,Orissa
43,DDe ep pth th | (em) (cm),Hori- zon,Sand (2.0-0.05 mm) {(“%%)J,SSiiltl t (0.05- 0.002mm)/ 0.OO2mm) ((_%%) ),Clay (<0.002 «0.002 mm) ((%%) ),TTe ex xt tu ure re |,CCo oa ars rse e | ffr ra ag g. . | vol. | vol. ((%%) ),ppH H 11: :2 2. .5 5 water,EC | 1£: :2 2. .5 5 water | water dS/m) (dS/m),20·14'45' Nand 84°13' E ,33,20.24583333,84.21666667,Orissa
44,0-8 0 - 8,A,58.4,17.1 J7 . I,24.5,sc] sci,-~,6.3,0.08,20·14'45' Nand 84°13' E ,33,20.24583333,84.21666667,Orissa
45,88 -— 228 8,Btl,40.5,29.3,30.2,cclI,33,6.6,0.08,20·14'45' Nand 84°13' E ,33,20.24583333,84.21666667,Orissa
46,2 28 8 -— 4 48 8,Bt2,37.2,29.1,33.7,ccll,17,6.8,0.04,20·14'45' Nand 84°13' E ,33,20.24583333,84.21666667,Orissa
47,48 — 76 48 - 76,Bt3,36.3,27.4,36.3,ccll,28,7.1,0.05,20·14'45' Nand 84°13' E ,33,20.24583333,84.21666667,Orissa
48,776 6 -— 880 0,weathered parent material,,,,,,,,20·14'45' Nand 84°13' E ,33,20.24583333,84.21666667,Orissa
49,Depth (cm),Hori- Horl- zzo on n |,| SSa an nd d (( 22. .00- -0 0. .0 05 5 mim) mm) ((%%) ),"SSiiltl t (0.05- 0.002mm),; 0.002mm) ((%%) )",Clay (<0.002 «0.002 mm) ((%%) ),Texture,Coarse | Coarse ff rra ag g. . | vvool.l . | ((0%/)0 ),| ppH H 11: :2 2. .5 5 wwa ate ter r,EC | 11: :2 2. .5 5 | wwa ate ter r (dS/m),"19°50'45 Nand 84°48' 15""E ",35,19.84583333,84.80416667,Orissa
50,0-14 0 - 14,Ap,76.6,99..55,13.9,5sl 1,-~,55..44,0.17,"19°50'45 Nand 84°48' 15""E ",35,19.84583333,84.80416667,Orissa
51,1144 -— 3333,Btl,58.5 5S.5,16.8 16.S,24.7,ssccl i,-~,55..77,0.13,"19°50'45 Nand 84°48' 15""E ",35,19.84583333,84.80416667,Orissa
52,3333 -— 554 4,Bt2,42.4,227 7.4.4,30.2,ccll,-~,55..99,0.06,"19°50'45 Nand 84°48' 15""E ",35,19.84583333,84.80416667,Orissa
53,5544 -— 110 00 0,8Btt3 3,50,113 3. .66,36.4,sscc,-~,66..1 1,0.04,"19°50'45 Nand 84°48' 15""E ",35,19.84583333,84.80416667,Orissa
54,11 000 0~ -— 1 17 70 | 0,BBt t4 4,48.5 4S.5,99..33,42.2,sscc,-~,66..22,0.04,"19°50'45 Nand 84°48' 15""E ",35,19.84583333,84.80416667,Orissa
55,0-16 0- 16,A,63.1,1144..88,22.1,ssccli,--,55. .5 5,0.09,19·52'41 'N and 84·41'42' ,37,19.87805556,84.695,Orissa
56,116 6 -— 3 35 5,Bwl,60.7,14.3,25,ssccli,IllI,52 5.2,0.03,19·52'41 'N and 84·41'42' ,37,19.87805556,84.695,Orissa
57,335 5— -7 72 2,Bw2,6677..66,1111..11,21.3,sscclI,1166,55..33,0.06,19·52'41 'N and 84·41'42' ,37,19.87805556,84.695,Orissa
58,772 2 -— 110 06 6,BC,72.4,99..99,1177..77,ssll,73,55 5.5,0.06,19·52'41 'N and 84·41'42' ,37,19.87805556,84.695,Orissa
59,106+,Cr,weathered gravels,,,,,,,19·52'41 'N and 84·41'42' ,37,19.87805556,84.695,Orissa
60,Depth | Depth (cm) (em),Hori- zzo on n |,Sand (( 22. .00- -0 0. .0 05 5 mm) ((%%) ),SSiiltl t (0.05- 0.002mm);| 0.002mm) ((%%) ),Clay (<0.002 «0.002 mm) ((%%) ),Texture,| CCo oa ars rse e | f fr ra ag g. . § vol. | vol. ((%%) ),ppH H 11: :2 2. .5 5 | water,EC 11: :2 2. .5 5 | wwa ate ter r (dS/m),,39,19.89722222,84.84166667,Orissa
61,0-9 0 - 9,A,7700..00,1133..77,16.3,ssll,--,55..66,0.09,,39,19.89722222,84.84166667,Orissa
62,20-Sep,Btl,4400..88,38.9,20.3,I],10,5.8,0.09,,39,19.89722222,84.84166667,Orissa
63,220 0-— 4433,Bt2,4488..22,2211..11,30.7,ccll,14,66..11,0.07,,39,19.89722222,84.84166667,Orissa
64,4 433 - -7 0 70 |,BBt t3 3,4466..33,"1199,.22","34,5 34.5",ccll,23,66..11,0.06,,39,19.89722222,84.84166667,Orissa
65,7700 —- 9933,BC,58.4,14.2,27.4,ssccl i,66,6.3,0.06,,39,19.89722222,84.84166667,Orissa
66,93+,Cr,weathered gravels,,,,,,,,39,19.89722222,84.84166667,Orissa
67,DDe ep pth th | (cm),Hori- Horl- zzo on n |,Sand (( 22. .00- .0 0. .0 05 5 mm) ((%2) ),SSiilltt ((00..0055- - 0.002mm) ((%%) ),Clay (<0.002 «0.002 mm) ((%%) ),TTe ex xt tu ure re |,CCo oar as re s| e ffrraagg. . | vvool.l . ((%“) ),pH pH | 11::22..55 | water,EC 11::22..55 | wwa ate ter r (dS/m),,41,19.18638889,82.79611111,Orissa
68,0-6 0 - 6,A,68.4,1144..44,117 7..22,ssll,--,66..44,00..0 07 7,,41,19.18638889,82.79611111,Orissa
69,6-31 6 - 31,Btl,56.6,21.8,21.6,sscclI,1177,66..77,0.04,,41,19.18638889,82.79611111,Orissa
70,31-64 31- 64,Bt2,573 57.3,118 8..55,24.2,ssccl i,3322,66..99 |,0. 00 .05 5,,41,19.18638889,82.79611111,Orissa
71,64-70 | 64 - 70,Cr,weathered gravels ____ weathered fUavels,,,,,,,,41,19.18638889,82.79611111,Orissa
72,Depth | Depth (em),Hori-| Hori- zzo on n ),Sand (( 22. .00- -0 0. .0 05 5 mm) ((%%) ),Silt (0.05- 0.002mm) O.002mm) _((%%) ),| Clay | Clay (<0.002 «0.002 mm) _((%%) ),Texture | Texture -,Coarse Cfr ra ag g. . | vol. ((%%) ),| ppH H | 11: :2 2. .5 5 | water,EC 11: :2 2. .5 5 | wwa ate ter r (dS/m),"19°50'27"" Nand 84·48'32"" E ",43,19.84083333,84.80888889,Orissa
73,0-15 0- 15,Ap,2244.1. 1,26.4,49.2,cc,--,55..88,0.57,"19°50'27"" Nand 84·48'32"" E ",43,19.84083333,84.80888889,Orissa
74,11 55 = ..4 : 42 2 |,BBw wgl g l,18.5,45.2,36.3,ssiiccll,--,6.5,00..6 61 1,"19°50'27"" Nand 84·48'32"" E ",43,19.84083333,84.80888889,Orissa
75,4 422 - -7 4 | 7 4,B Bw wg g2 2,20.2,23.7,556 6.1. 1,cc,--,66..77,0.63,"19°50'27"" Nand 84·48'32"" E ",43,19.84083333,84.80888889,Orissa
76,77 44 — -1 0 17 0 7 |,BBw wg g3 3,118 8..55,222 2.0.0,59.5,cc,--,66..99,0.68,"19°50'27"" Nand 84·48'32"" E ",43,19.84083333,84.80888889,Orissa
77,110 07 7 -— 115 50 0,| Bwg4 Bw_g_4,110 0..66,15.5,73.9,cc,--,88..00,0.72,"19°50'27"" Nand 84·48'32"" E ",43,19.84083333,84.80888889,Orissa
78,0-12 0 - J2,Ap,40,32.3,27.7,ccll,--,5,0.1,"19°49'50"" N and 83°28'45' E ",45,19.83055556,83.47916667,Orissa
79,12 —39 12 - 39,Btl,35.5,30.9,33.6,ccll,--,5.7,0.1,"19°49'50"" N and 83°28'45' E ",45,19.83055556,83.47916667,Orissa
80,3 39 9 -— 7 76 6,BBt2a,48,12.3,39.7,sc,--,6,0.1,"19°49'50"" N and 83°28'45' E ",45,19.83055556,83.47916667,Orissa
81,76 76 -— 112 25 5,Bt3,40.1,16.3,43.6,cc,-~,6.2,0.1,"19°49'50"" N and 83°28'45' E ",45,19.83055556,83.47916667,Orissa
82,11 22 55 - - 16 14 6 4 |,BBt t4 4,38.5,11.3,50.2,cc,--,6.2,0.1,"19°49'50"" N and 83°28'45' E ",45,19.83055556,83.47916667,Orissa
83,Depth (cm),Hori-| Hori- zzo on n |,Sand (2.0-0.05 mm) (%) J%)_,SSiillt t (0.05- 0.002mm) (%) (%)_,Clay (<0.002 «0.002 mm) (%) {_%),TTe ex xt tu ure re |,CCo oa ars rse e ff rra ag g. . | vol. ((%%) ),pH | pH 11: :2 2. .5 5 | water,EC 11: :2 2. .5 5 | wwa ate ter r (dS/m),,47,20.28555556,85.17111111,Orissa
84,0-14 0 - 14,Ap,53,17.9,29.1,ssccli,-=,5.5,0.2,,47,20.28555556,85.17111111,Orissa
85,14-55 14 - 55,Bwl,38.6,226 6.1. 1,35.3,ccll,22,55..88,00..22,,47,20.28555556,85.17111111,Orissa
86,55-105 | 55 - 105,Bw2,30.3,26.5,43.2,cc,77,55..88,00..22,,47,20.28555556,85.17111111,Orissa
87,105-145 105 - 145,| B Bw w3 3,47.1,13.1,39.8,sscc,]1 ] ],66..1 1,0.2,,47,20.28555556,85.17111111,Orissa
88,DDe ep pth th | (cm),Hori- zon,Sand (2.0-0.05 mm) ((%%) ),SSiiltl t (0.05- (O.OS- 0.002mm) ((%“%)),Clay (<0.002 «0.002 mm) ((%“%)),TTe ex xt tu ure re | -,CCo oa ars rse e | ffr ra ag g. . | vol. ) J%),ppH H 11: :2 2. .5 5 | water,EC 11: :2 2. .5 5 | wwa ate ter r (dS/m),"19°16'20""N and 83°24'20' E ",49,19.27222222,83.40555556,Orissa
89,0-14 0 - 14,A,79.7,)1 11..22,99.1. 1,lIss,-=,5.8,0.1,"19°16'20""N and 83°24'20' E ",49,19.27222222,83.40555556,Orissa
90,14-31 14 - 31,Btl,70.4,11.6,18.2,ssll,-~,5.8,0.1,"19°16'20""N and 83°24'20' E ",49,19.27222222,83.40555556,Orissa
91,31-50 31 - 50,Bt2,57,88..44,34.6,ssccl i,33,6,0.1,"19°16'20""N and 83°24'20' E ",49,19.27222222,83.40555556,Orissa
92,550 0 -— 660 0,Bt3 8t3,52.4,11.6,36,sc,16,6.1,0.1,"19°16'20""N and 83°24'20' E ",49,19.27222222,83.40555556,Orissa
93,60+,CCrr,weathered parent material,,,,,,,"19°16'20""N and 83°24'20' E ",49,19.27222222,83.40555556,Orissa
94,DDe ep pth th | (cm) (em),Hori- zzo on o |,Sand (( 22. .00- -0 0. .0 05 5 mm) ((%%))_,SSiiltl t (0.05- 0.002mm)| 0.002mm) (%),Clay (<0.002 «0.002 mm) (%),T Te ex xtu ture re |,CCo oar as re e | ffr ra ag g. . | vvool.l . | (%),ppH H 11: :2 2. .5 5 water,EC | 11: :2 2. .5 5 | wwa ate ter r (dS/m) _(dS/m),"19·1 '50"" Nand 84°25'30"" E ",51,19.03055556,84.425,Orissa
95,0-14,A,55:5 55.5,13.8,30.7,scl sci,-~,6.1,0.07,"19·1 '50"" Nand 84°25'30"" E ",51,19.03055556,84.425,Orissa
96,14—3] 14 - 31,Btl,42.7,14.3,43,cc,-~,2 6.2,0.09,"19·1 '50"" Nand 84°25'30"" E ",51,19.03055556,84.425,Orissa
97,-31-55 · 31 - 55,Bt2 8t2,40.5,16.7,42.8,cc,--,6.3,0.05,"19·1 '50"" Nand 84°25'30"" E ",51,19.03055556,84.425,Orissa
98,55-90 55 - 90,Bt3,43.1,16.3,40.6,cc,--,6.4,0.05,"19·1 '50"" Nand 84°25'30"" E ",51,19.03055556,84.425,Orissa
99,90-150 90 - 150 |,BBt t4 4,40.6,15.3 t 5.3,44.1,cc,--,6.3,0.06,"19·1 '50"" Nand 84°25'30"" E ",51,19.03055556,84.425,Orissa
100,Depth | Depth (cm) (em),Hori- zon | zon,Sand (( 22. .00- -0 0. .0 05 5 mm) ((%%) ),SSiUlt t (0.05- 0.002mm)| O.OO2mm) ((%%) ),Clay (<0.002 «0.002 mmunni)i) ((%%) ),Texture,| CCo oa ars rse e ff rra ag g. . | vvool.l . | ((%%) ),| ppH H 11: :2 2. .5 5 | wwa ate ter r,EC 11: :2 2. .5 5 | wwa ate ter r ((ddSS//mm) ),,53,19.66666667,84.33916667,Orissa
101,0-13 0 - 13,A,66.9,14.4 J4.4,18.7,ss]l,--,5.3,0.08,,53,19.66666667,84.33916667,Orissa
102,1133 -— 2 28 8,BBtlt l,550 0..00,23.5,2266..55,ssccli,--,55..66,0.08,,53,19.66666667,84.33916667,Orissa
103,228 8 -— 660 0,Bt2,50.5,19.1,30.4,ssccli,-~,5.8,0.04,,53,19.66666667,84.33916667,Orissa
104,660 0 -— 9900,Bt3,5500.1. 1,1188..22,31.7,ssccl i,44,5.8,0.03,,53,19.66666667,84.33916667,Orissa
105,90-127 90 - 127 |,BBt t4 4,55.6,17.3,27.1,ssccli,F7i,55..88,0.03,,53,19.66666667,84.33916667,Orissa
106,Depth | Depth (cm) (em),HHo ori r- i - zzo on n |,Sand (( 22. .00- -0 0. .0 05 5 mm) ((%%) ),SSiiltl t (0.05- 0.002mm)| 0.002mm) ((%%) ),Clay | (<0.002 «0.002 mm) ((%%) ),Texture,| CCo oa ars rse e | ffr ra ag g. . | vvool.l . | ((%4) ),ppH H 1:2.5 water,EC | 1:2.5 1:2.5 | wwa ate ter r ((ddSS//mm) ),"18°17'6""N and 82""3'38"" E ",55,18.285,82.06055556,Orissa
107,0-9 0 - 9,A,6644..44,2200..77,1144..99,sl 51,44..00,55..44,00..1100,"18°17'6""N and 82""3'38"" E ",55,18.285,82.06055556,Orissa
108,9-41 9- 41,Btl,60.3,21.1 21. I,18.6,sl 51,12,5.8,0.08,"18°17'6""N and 82""3'38"" E ",55,18.285,82.06055556,Orissa
109,4 41 -— 883 1 3,Bt2,58.2,"19,3 19.3",22.5,ssccli,18,6,0.09,"18°17'6""N and 82""3'38"" E ",55,18.285,82.06055556,Orissa
110,88 33 - -1 0 12 0 2 |,BBt t3 3,557 7.1. 1,18.1,24.8,sscclI,25,6.3,0.05,"18°17'6""N and 82""3'38"" E ",55,18.285,82.06055556,Orissa
111,102-105 102 - 105,| CCr r,weathered material,,,,,,,"18°17'6""N and 82""3'38"" E ",55,18.285,82.06055556,Orissa
112,DDe ep pth th | (cm),Hori- zzo on n |,Sand (( 22. .00- -0 0. .0 05 5 mm) ((%“) ),SSiiltl t (0.05- 0.002mm)| O.OO2mm) ((%%) ),Clay (<0.002 «0.002 mm) ((%“) ),Texture,Coarse ff rra ag g. . | vvool.l . | ((%“) ),| ppH H 11: :2 2. .5 5 | wwa ate ter r,EC 11: :2 2. .5 5 | wwa ate ter r ((ddSS//mm) ),"19°50'27"" Nand 84·48'32"" ",57,19.84083333,84.80888889,Orissa
113,0-15 0 - 15,Ap,64.1,1177..55,18.4,sscclI,-~,5.1,0.08,"19°50'27"" Nand 84·48'32"" ",57,19.84083333,84.80888889,Orissa
114,115 5 -— 336 6,Btl,53.2,17.2,29.6,ssccli,--,5.3,0.08,"19°50'27"" Nand 84·48'32"" ",57,19.84083333,84.80888889,Orissa
115,336 6 -— 770 0,BBtt22,49.4,119 9..66,31,ssccli,--,53 5.5,0.07,"19°50'27"" Nand 84·48'32"" ",57,19.84083333,84.80888889,Orissa
116,770 0 -— 995 5,Bt3,46.3,21,32.7,ssccli,--,5.7,0.05,"19°50'27"" Nand 84·48'32"" ",57,19.84083333,84.80888889,Orissa
117,99 55 - -1 5 10 | 5 0,BBt t4 4,46.1,20.6,33.3,ssccli,--,5.7,0.04,"19°50'27"" Nand 84·48'32"" ",57,19.84083333,84.80888889,Orissa
118,DDe ep pth th | (cm),Hori- zzo on n |,Sand (( 22. .00- -0 0. .0 05 5 mm) (4) (%),SSiiltl t (0.05- 0.002mm)| 0.002mm) ((%%) ),Clay (<0.002 «0.002 mm) ((%%) ),Texture,| CCo oa ars rse e ff rra ag g. . | vvool.l . | ((%%) ),| ppH H 11: :2 2. .5 5 wwa ate ter r,EC | 11: :2 2. .5 5 | wwa ate ter r (dS/m),"19°19'55""N and 83°22'8"" ",59,19.33194444,83.36888889,Orissa
119,0-15 0 - 15,Ap,36.1,28.5,35.4,ccll,--,55..33,0.14,"19°19'55""N and 83°22'8"" ",59,19.33194444,83.36888889,Orissa
120,15-31 | 15 - 31,BBw wgl g l,34.5,27.3,38.2,ccll,--,55..88,0.16,"19°19'55""N and 83°22'8"" ",59,19.33194444,83.36888889,Orissa
121,31-56 | 31 - 56,Bwg2,29.4,29.1,41.5,cc,--,6.1,0.1,"19°19'55""N and 83°22'8"" ",59,19.33194444,83.36888889,Orissa
122,55 66 - -8 0 | 8 0,B Bw wg g3 3,27,28.9,44.] 44.1,cc,-~,6.3,0.08,"19°19'55""N and 83°22'8"" ",59,19.33194444,83.36888889,Orissa
123,80-120 80 - 120,| BBw wg g4 4,24.1,29.2,46.7,cc,-~,66..55,0.05,"19°19'55""N and 83°22'8"" ",59,19.33194444,83.36888889,Orissa
124,120-150 120 - 150,| B Bw wg gs 5,20.5,35 31.3,48.2,cc,--,66..66,0.05,"19°19'55""N and 83°22'8"" ",59,19.33194444,83.36888889,Orissa
125,0-13 0 - 13,Ap,55.5,13.9,30.6,scl sci,-~,5.6,0.16,,61,19.0875,83.05944444,Orissa
126,13-30 | 13 - 30,Al2 AI2,55,15.4,29.6,scl sci,-~,6.5,0.12,,61,19.0875,83.05944444,Orissa
127,330 0 -— 557 7,Cl CI,77.6,7.3,15.1,ssll,-~,7.3,0.11,,61,19.0875,83.05944444,Orissa
128,57-91 57 - 91,C2,82.2,10.6,Fer 7.2,Ilss,--,7.5,0.11,,61,19.0875,83.05944444,Orissa
129,91-132 | 91 - 132,C3,81.5,9.3,9.2,IIss,--,7.7,0.08,,61,19.0875,83.05944444,Orissa
130,DDe ep pth th | (cm) (em),Hori- zon zoo,Sand (2.0-0.05 mm) _((%%) ),SSiillt t ((00..0055-- 0.002mm)| 0.OO2mm) ((%%) },Clay (<0.002 «0.002 mm) _((%%) ),TTe ex xt tu ure re |,Coarse frag. vvool.l . | ((%%) ),| ppH H 11: :2 2. .5 5 | water,EC 11: :2 2. .5 5 | wwa ate ter r (dS/m),"19°53'0"" Nand 84°5'30"" ",63,19.88333333,84.09166667,Orissa
131,0-14 0- 14,AA,7700..00,1122..44,1177..66,s] 51,34,55..55,00..11,"19°53'0"" Nand 84°5'30"" ",63,19.88333333,84.09166667,Orissa
132,]1 44 - -2 29 9 |,AAl l2 2,56.6,22.2,21.2,ssccli,47,5.9,0.1,"19°53'0"" Nand 84°5'30"" ",63,19.88333333,84.09166667,Orissa
133,229 9-- 5566,AC,6633..11,1188..44,18.5,ssll,73,55..99,0.1,"19°53'0"" Nand 84°5'30"" ",63,19.88333333,84.09166667,Orissa
134,56+,Cr,weathered parent material,,,,,,,"19°53'0"" Nand 84°5'30"" ",63,19.88333333,84.09166667,Orissa
135,DDe ep pth th | (cm),Hori- zon,Sand (2.0-0.05 mm) (%),SSiiltl t (0.05- 0.002mm) 0.OO2mm) (%),Clay (-<0.002 «0.002 mm) (%),Texture,| CCo oa ars rse e | frag. vvool.l . (%),ppH H 1:2.5 water,EC | 14: :2 2. .5 5 water | (dS/m),,65,18.7125,82.35833333,Orissa
136,0-17 0 - 17,A,"53,1 55.1",18.4 J 8.4,26.5,ssccli,-=,6.2,0.15,,65,18.7125,82.35833333,Orissa
137,17-40 17 - 40,Btl,53.6,14.8,31.6,ssccli,--,6.5,0.1,,65,18.7125,82.35833333,Orissa
138,4 400 - -6 8 68 |,Bt2,52.5,13.4,34.1,sscc]i,--,6.2,0.07,,65,18.7125,82.35833333,Orissa
139,668 8 -— 998 8,Bt3,47.5,14.3,38.2,sscc,17,55..66,0.06,,65,18.7125,82.35833333,Orissa
140,99 88 ~ -1 2 15 | 2 5,BBt t4 4,45.8,15.6,38.6,sscc,20,55..88,0.05,,65,18.7125,82.35833333,Orissa
141,Depth | Depth (cm) (em),Hori- zon | zoo,Sand (2.0-0.05 mm) ((%%) ),Silt (0.05- 0.002mm)| 0.002mm) ((%%) ),Clay (<0.002 «0.002 mm) ((%%) ),Texture,| CCo oar as re e ffr ra ag g. . | vvo ol. l . | ((%‘%)),| ppH H 11: :2 2. .5 5 water,EC | 11: :2 2. .5 5 | wwa ate ter r (dS/m),,67,18.7125,82.35833333,Orissa
142,0-21 0- 21,A,45.3,27.2,»2 27) .B5e],ccll,1100,55..44,0.15,,67,18.7125,82.35833333,Orissa
143,21-49 21 - 49,Btl,4At1 .44,23,35.6,ccll,15,5.6,0.15,,67,18.7125,82.35833333,Orissa
144,449 9 -— 994 4,Bt2,39,23.4,37.6,ccll,15,5.8,0.2,,67,18.7125,82.35833333,Orissa
145,94-140 94 - 140 |,BBt t3 3,39.5,21.2,35.3,ccll,20,6,0.2,,67,18.7125,82.35833333,Orissa
146,11 44 00 - -1 7 15 7 5 |,BBt t4 4,38.6,22.3,39.1,ccll,25,66. .0 0,0.2,,67,18.7125,82.35833333,Orissa
147,Depth | Depth (em),Hori-| | Hori- | zzo on n |,Sand (( 22. .00- -0 0. .0 05 5 mm) ((%%) ),Silt (0.05- | (0.05- 0.002mm) O.002mm) ((%%) ),Clay | Clay (<0.002 «0.002 mm) ((%%) ),Texture -,Coarse| | Coarse ff rra ag g. . | vol. (%)_ (OA.),pH | pH 11: :2 2. .5 5 water,EC | 11: :2 2. .5 5 | wwa ate ter r (dS/m (dS/m),"18°22'20"" N and 81°54'45' ",69,18.37222222,81.9125,Orissa
148,O-18 |; 0 - 18,Ap,33,37.7,29.3,ccll,--,6,0.59,"18°22'20"" N and 81°54'45' ",69,18.37222222,81.9125,Orissa
149,| 11 88 - - 4 42 2 |,BBtl t l,27,31.3,41.7,cc,--,6.0 | 6.0,0.47,"18°22'20"" N and 81°54'45' ",69,18.37222222,81.9125,Orissa
150,| 42-68 42 - 68,Bt2 | Bt2,26.8,30,45.2,cc,-- . |,61 | 6.1,0.38,"18°22'20"" N and 81°54'45' ",69,18.37222222,81.9125,Orissa
151,668 8 -— 9966,Bt3 St3,43.1,22.8,34.1,ccll,-~,6.1,0.35,"18°22'20"" N and 81°54'45' ",69,18.37222222,81.9125,Orissa
152,96-124 | 96 - 124,Bt4,45.3,23.1,31.6,ccll,-=,6.2,"0.27 0,27","18°22'20"" N and 81°54'45' ",69,18.37222222,81.9125,Orissa
153,124-152 124 - 152 |,} BBt t5 5,22.2,32,45.8,cc,--,6,0.21,"18°22'20"" N and 81°54'45' ",69,18.37222222,81.9125,Orissa
154,Depth | Depth (cm),Hori- zzo on n |,Sand (( 22. .00- -0 0. .0 05 5 mm) ((%%) ),Silt (0.05- 0.002mm)| 0.002mm) ((%%) ),Clay (<0.002 «0.002 mm) ((%%) ),Texture,| Coarse | Coarse ff rra ag g. . | vol. | vol. ((%%) ),ppH H 11: :2 2. .5 5 | water,EC 11: :2 2. .5 5 | wwa ate ter r (dS/m),,71,18.19583333,81.5625,Orissa
155,0-12 0 - 12,A,45,27.4,27.6,ccll,20,55..99,0.1,,71,18.19583333,81.5625,Orissa
156,12-28 | 12 - 28,Bwl,41.6,33,25.4,I|,35,6,0.12,,71,18.19583333,81.5625,Orissa
157,28-52 | 28 - 52,Bw2,41.3,33.4,25.3,II,40,5.9,0.15,,71,18.19583333,81.5625,Orissa
158,52-94 | 52 - 94,Bw3,40.2,33.6,26.2,I|,45,5.7,0.18,,71,18.19583333,81.5625,Orissa
159,94—110 | 94 - 110,BBw w4 4,40.1,32.4,27.5,ccll,48,5.4,0.15,,71,18.19583333,81.5625,Orissa
160,110+,Cr,weathered parent material,,,,,,,,71,18.19583333,81.5625,Orissa
161,0-20 0 - 20,Ap,56,73 17.3,26.7,scl,55,Si2 5.2,0.65,"18° 48'15"" N and 82° 34' ",73,18.80416667,82.56666667,Orissa
162,2 20 0 -- 442 2,Btl,30.7,26.9,42.4,cc,25,53 5.3,0.55,"18° 48'15"" N and 82° 34' ",73,18.80416667,82.56666667,Orissa
163,42 —70 42 - 70,Bt2,30.4,26.5,43.1,cc,30,5.4,0.41,"18° 48'15"" N and 82° 34' ",73,18.80416667,82.56666667,Orissa
164,70-110 70 - 110,Bt3,29.1,26.3,44.6,cc,37,5.6,0.32,"18° 48'15"" N and 82° 34' ",73,18.80416667,82.56666667,Orissa
165,110+,Cr,weathered parent material,,,,,,,"18° 48'15"" N and 82° 34' ",73,18.80416667,82.56666667,Orissa
166,DDe ep pth th | (cm),Hori- zon,Sand (2.0-0.05 mm) (%),SSiillt t (0.05- 0.002mm)| 0.002mm) (%),Clay (<0.002 «0.002 =mm) mm) ((%%) ),Texture,| CCo oa ars rse e | ff rra ag g. . | vvo ol. l . | % (%),ppH H 11: :2 2. .5 5 | water,EC 11: :2 2. .5 5 | wwa ate ter r (dS/m),,75,18.17277778,81.53833333,Orissa
167,0-10 0 - 10,Ap,86.6,33..11,10.3,Ilss,44..66,00. .4 43 3 |,00. .1 14 4,,75,18.17277778,81.53833333,Orissa
168,10-32 10 - 32,Btl,63.6,9.9,26.5,scl sci,4.6,00. .3 31 1 |,00. .1 12 2,,75,18.17277778,81.53833333,Orissa
169,33 22 - -6 2 62 |,Bt2,49.9,14.3,35.8,sc,49 4.9,00. .223 3 |,00. .1 12 2,,75,18.17277778,81.53833333,Orissa
170,662 -— 888 2 8,Bt3,50,11.6,38.4,sscc,5,00. .1 17 7 |,00. .0 09 9,,75,18.17277778,81.53833333,Orissa
171,88-102 88 - 102,| BBt t4 4,57.4,9.4,33.2,ssccli,55..22,0.15,| 00. .1 10 0,,75,18.17277778,81.53833333,Orissa
172,Depth (cm),|Hori-| Hori- zzo on n |,Sand (2.0-0.05 (2.0~0.05 mm) (%),Silt (0.05- (0.05~ 0.002mm)| 0.OO2mm) (%),CCl la ay y | (<0.002 «0.002 mm) (%),Texture,Coarse | Coarse (frraagg. . vvool.l . | (%),| p pH H | 11: :2 2. .5 5 | wwa ate ter r,EC 11: :2 2. .5 5 | wwa ate ter r (dS/m),,77,18.33666667,82.96583333,Orissa
173,0-10 0- 10,Ap,64,15.7,20.3,ssccli,30,6.3,0.11,,77,18.33666667,82.96583333,Orissa
174,1100 -— 332 2,BBtlt l,58.3,99..44,32.3,ssccli,35,6.6,0.11,,77,18.33666667,82.96583333,Orissa
175,3322 -— 5522,Bt2,38.3 3~.3,20.7,41,cc,41,6.7,0.07,,77,18.33666667,82.96583333,Orissa
176,52-72 52 - 72,Bt3,32,23.5,44.5,cC,50,6.9,0.05,,77,18.33666667,82.96583333,Orissa
177,77 22 - -1 0 14 | 0 4,BBt t4 4,31.6,20.5,47.9,cc,25,7.2,0.06,,77,18.33666667,82.96583333,Orissa
178,DDe ep pth th | (cm),HHo ori r- i - zzo on n |,Sand (( 22. .00- -0 0. .0 05 5 mm) ((“%%)),SSiiltl t (0.05- 0.002mm)| 0.002mm) ((%%) ),Clay (<0.002 «0.002 mm) ((%“%)),Texture,| CCo oa ars rse e | (frraagg. . | vvool.l . | ((%%) ),ppH H 11: :2 2. .5 5 water,EC | 11: :2 2. .5 5 water | water ((ddSS//mm) ),"18°53'40""N and 82·55'6"" ",79,18.89444444,82.91833333,Orissa
179,0-18 0- 18,A,3366..44,3377..99,25.7,I|,22,5.9,0.09,"18°53'40""N and 82·55'6"" ",79,18.89444444,82.91833333,Orissa
180,11 88 - -4 46 6 |,AAl l2 2,31.9,4433..77,24.4,Il,28,6.2,0.09,"18°53'40""N and 82·55'6"" ",79,18.89444444,82.91833333,Orissa
181,46+,R,Hard rock,,,,,,,"18°53'40""N and 82·55'6"" ",79,18.89444444,82.91833333,Orissa
182,Depth | Depth (em) | (em),Hori- zon | zon,Sand (2.0-0.05 | (2.0-0.05 mm) ((%%) ),SSiiltl t (0.05- | (0.05- 0.002mm)| 0.002mm) ((%%) ),Clay (<0.002 «0.002 mm) ((%%) ),Texture Texture --|,Coarse frag. vol. | vol. ((%*) ),| ppH H 1:2.5 | 1:2.5 water,EC 1:2.5 | wwa ate ter r (dS/m),,81,18.8875,82.95277778,Orissa
183,0-22 0 - 22,AA,48.2,29.5,22.3,Il,66,4.9,0.07,,81,18.8875,82.95277778,Orissa
184,222 2 -— 443 3,Btl,31,36.4,32.6,ccll,17,5,0.08,,81,18.8875,82.95277778,Orissa
185,43-70 43 - 70,Bt2,45,26.7,28.3,scl scI,28,5.3,0.05,,81,18.8875,82.95277778,Orissa
186,70+,Cr,weathered granite gneiss,,,,,,,,81,18.8875,82.95277778,Orissa
187,Depth | | (cm) | (em),Hori-| lIori- zon | zon,Sand (2.0-0.05 (2.0.0.05 mm) ((%%) ),Silt | (0.05- | (0.05· 0.002mm)| 0.002mm) ((%%) ),Clay | Clay (<0.002 «0.002 mm) ((%%) ),Texture,| CCo oa ars rse e | frag. | frag. vvool.l . | ((%%) ),ppH H 1:2.5 water,EC | 11: :2 2. .5 5 water | water (dS/m),"18°52'45""N and 82°54'30"" E ",83,18.87916667,82.90833333,Orissa
188,0-20 0- 20,A,46.8,28.1,25.1,sscclI,-~,44..66,0.08,"18°52'45""N and 82°54'30"" E ",83,18.87916667,82.90833333,Orissa
189,220 0 -— 4 45 5,Btl,41.8,27.5,30.7,ccll,--,4.7,0.07,"18°52'45""N and 82°54'30"" E ",83,18.87916667,82.90833333,Orissa
190,4455 -- 7 78 8,BBtt22,5522..00,1155..99,3322..11,sscclI,--,44..77,00..0077,"18°52'45""N and 82°54'30"" E ",83,18.87916667,82.90833333,Orissa
191,77 88 - -1 1 10 1 0 |,BBt t3 3,52.6,13.5,33.9,ssccl i,-,48 4.8,0.04,"18°52'45""N and 82°54'30"" E ",83,18.87916667,82.90833333,Orissa
192,110-150 110 - 150,| BBt t4 4,"43,3 43.3",22.1,34.6,ccll,--,44..88,0.04,"18°52'45""N and 82°54'30"" E ",83,18.87916667,82.90833333,Orissa
193,0-6,A,68.2,14.7,17.1,ss]l,--,5.7,0.21,,85,18.695,82.03972222,Orissa
194,6-31 6 - 31,Al2 A12,62,20.1,17.9,ssll,14,55..99,0.17,,85,18.695,82.03972222,Orissa
195,31-77 | 31-77,Al3 A13,58.5,22,19.5,ssll,29,5.8,0.14,,85,18.695,82.03972222,Orissa
196,777 7 -— 880 0,Cr,weathered granite gneiss,,,,,,,,85,18.695,82.03972222,Orissa
197,DDe ep pth tb | (cm) (em),Hori- zon | zon,Sand (2.0-0.05 mm) ((%%) ),SSiiltl t (0.05- 0.002mm)| 0.002mm) (%) (%)_,Clay (<0.002 «0.002 mm) (%) J%),Texture,| CCo oa ars rse e | ffr ra ag g. . | vvool.l . | (%),ppH H 11: :2 2. .5 5 | water,EC 11: :2 2. .5 5 | wwa ate ter r (dS/m),"18°45'45' Nand 82°12'45""E ",87,18.7625,82.2125,Orissa
198,0-12 0- 12,A,34,28.1,37.9,ccll,55,55..22,0.13,"18°45'45' Nand 82°12'45""E ",87,18.7625,82.2125,Orissa
199,12-39 12- 39,Btl,21.9,25:7 25.7,52.4,cc,I 11,5.3,00. .1 11 1,"18°45'45' Nand 82°12'45""E ",87,18.7625,82.2125,Orissa
200,339 9—- 5599,Bt2,23.2,24,52.8,cc,1177,55..33,0.11,"18°45'45' Nand 82°12'45""E ",87,18.7625,82.2125,Orissa
201,59-72 59 - 72,Bt3,24.1,22.6,53.3,cc,28,55..22,0.07,"18°45'45' Nand 82°12'45""E ",87,18.7625,82.2125,Orissa
202,72+,Cr,weathered granite gneiss,,,,,,,"18°45'45' Nand 82°12'45""E ",87,18.7625,82.2125,Orissa
203,Depth (cm),Hori- zzo on n |,Sand (2.0-0.05 mm) ((%%) ),Silt (0.05- 0.002mm)| O.002mm) _((%%) ),Clay | Clay (<0.002 «0.002 mm) ((%%) ),TTe ex xtu ture r e,| CCo oa ars rse e ffrraagg. . vvool.l . (%),pH | )1 ::22..55 water,EC | 11: :2 2. .5 5 | wwa ate ter r (dS/m),,89,19.47333333,82.41361111,Orissa
204,0-11 0 - 11,Ap,38,2288.1. 1,333 3.9.9,ccll,--,66..11,0.28,,89,19.47333333,82.41361111,Orissa
205,11-22 It - 22,Al2 A12,3366..44,2244.7.7,338 8..99,ccll,--,66..44,00. .2 21 1,,89,19.47333333,82.41361111,Orissa
206,2222 -— 5522,Bwl,2200..00,3399..44,440 0..66,ssiicc,--,66..66,0.26,,89,19.47333333,82.41361111,Orissa
207,5522 -— 7744,Bw2,1188..22,3377..00,4444..88,ssiicc,--,66..77,0.17,,89,19.47333333,82.41361111,Orissa
208,7744 -— 9966,Bw3,3300.8.8,1199.1. 1,5500.1. 1,cc,#NAME?,66..99,0.14,,89,19.47333333,82.41361111,Orissa
209,9966 -— t1 2299,Bw4,2266..88,1177..33,5555..99,cc,-~,77..00,0.14,,89,19.47333333,82.41361111,Orissa
210,Depth (cm) (em),|Hori-| Hori- zzo on n |,Sand (( 22. .00- -0 0. .0 05 5 mm) ((°%/). ),Silt (0.05- 0.002mm); 0.OO2mm) ((%“) ),Clay | Clay (<0.002 «0.002 mm) ((%%) ),Texture,| CCo oa ars rse e ffr ra ag g. . | vvool.l . | ((%A) ),| pH | pH 11: :2 2. .5 5 wwa ate ter r,EC | 11: :2 2. .5 5 | wwa ate tr e r ((ddSS//mm) ),,93,21.23,84.13138889,Orissa
211,0-11 0 - 11,Ap,55.8,21.9,22.3,ssccli,77,55..66,0.09,,93,21.23,84.13138889,Orissa
212,11 11 - -2 1 | 2 1,AAl 12 2,60.6,119 9..55,1199..99,ssll,1100,55. .99,0.07,,93,21.23,84.13138889,Orissa
213,2 211 - -4 6 46 |,AAl l3 3,669 9..44,12.3,1188..33,ssl l,1122,66..1 1,0.06,,93,21.23,84.13138889,Orissa
214,4466 -— 5577,AC,73.1,1100..22,1166..77,ssll,5544,66..00,0.06,,93,21.23,84.13138889,Orissa
215,57+,Cr,weathered granite gneiss,,,,,,,,93,21.23,84.13138889,Orissa
216,DDe ep pth th | (cm),Hori- Bori- zzo on n |,Sand (( 22. .00- -0 0. .0 05 5 mm) ((%%) ),SSiillt t (0.05- 0.002mm) O.002mm) ((%%)_),Clay (<0.002 «0.002 mm) ((%%) ),Texture,| CCo oa ars rse e ffrraagg. . | vvool.l . ((%“) ),| ppH H 11::22..55 water,EC | 11::22..55 | wwa ate ter r (dS/m),,95,21.19333333,84.13944444,Orissa
217,0-13,Ap,60,23.3,16.7,5sl1,99,55..44,0.49,,95,21.19333333,84.13944444,Orissa
218,11 33 - -2 29 9 |,Al2 A12,72.4,14.8,1122..88,ssll,2222,55..88,0.36,,95,21.19333333,84.13944444,Orissa
219,229 9- -6 68 8 |,AAl I3 3,81,1100.3J,88..77,IIss,2266,66..11,0.28,,95,21.19333333,84.13944444,Orissa
220,668 8 -— 881 1,Al4 A14,84.3,77..66,88..11,IIss,33,6.3,0.2,,95,21.19333333,84.13944444,Orissa
221,81+,CCrr,wwe ea at th he er re ed d ggrraannititee ggnneiesisss,,,,,,,,95,21.19333333,84.13944444,Orissa
222,oDe pth | pth (cm) (em),Hori-| Hori- zzo on o |,Sand (( 22. .00- -0 0. .0 05 5 mm) ((%%) ),Silt (0.05- 0.002mm);| O.OOlmm) ((%%) ),Clay | Clay (<0.002 «0.002 mm) ((%%) ),Texture,| Coarse| Coarse ff rra ag g. . | vol. ((%%) ),pH | pH 11: :2 2. .5 5 | water,EC | 11: :2 2. .5 5 | wwa ate ter r (dS/m),,97,21.8325,84.74638889,Orissa
223,0-12 0 - 12,A,26.4,35.3,38.3,ccll,13,6,0.22,,97,21.8325,84.74638889,Orissa
224,12-39 12 -39,Btl,22.4,29,48.6,cc,51,6.2,0.16,,97,21.8325,84.74638889,Orissa
225,339 9 -— 665 5,Bt2,23,23.7,53.3,cc,58,6.3,0.17,,97,21.8325,84.74638889,Orissa
226,DDe ep pth th | (cm),Hori- Horl- zzo on n |,Sand (( 22. .00- -0 0. .0 05 5 mm) ((%%) ),SSiiltl t (0.05- 0.002mm)| 0.002mm) ((%%) ),Clay (<0.002 «0.002 mm) ((%%) ),Texture,| CCo oa ars rse e | ff rr aag g. . | vvool.l . | _((%%) ),ppH H 1:2.5 water,EC | 11: :2 2. .5 5 | wwa ate ter r (dS/m),,99,21.65777778,84.45472222,Orissa
227,0-14 0- 14,AA,70.5,11.6,28.1,ssccli,--,49 4.9,0.13,,99,21.65777778,84.45472222,Orissa
228,11 44 - - 3 37 7 |,BBw wl l,58.5,12.1,29.4,ssccli,--,5.6,0.17,,99,21.65777778,84.45472222,Orissa
229,337 7- -6 64 4 |,BBw w2 2,5588..33,12,29.7,ssccli,--,66..11,0.16,,99,21.65777778,84.45472222,Orissa
230,664 4- -9 97 7 |,BBw w3 3,5566..33,13.5,30.2,ssccli,-=,5.6,0.14,,99,21.65777778,84.45472222,Orissa
231,99 77 - -1 5 10 5 0 |,B Bw w4 4,5566..44,14.1,29.5,ssccli,--,5.2,0.11,,99,21.65777778,84.45472222,Orissa
232,Depth (cm) I l,Hori- zzo on n |,Sand (( 22. .00- -0 0. .0 05 5 mm) (( %%) ) _,Silt (0.05- 0.002mm) (%),Clay (<0.002 «0.002 mm) (%),Texture,| CCo oar as re e frag. vvool.l . | (%),| pH pH | 11: :2 2. .5 5 wwa ate ter r,EC | 11: :2 2. .5 5 | wwa ate ter r (dS/m),"21°30'45"" Nand 85°41'48"" E ",101,21.5125,85.69666667,Orissa
233,0 - ]4,Ap,53.4 53.5,22.5,24,ssccli,66,6.1,0.19,"21°30'45"" Nand 85°41'48"" E ",101,21.5125,85.69666667,Orissa
234,14 - 35,Bwl,18,47.1,33.9,sicl,]100,7,0.2,"21°30'45"" Nand 85°41'48"" E ",101,21.5125,85.69666667,Orissa
235,35 - 57,Bw2,16.5,41.4,42.1,sic,12,7.1,0.16 0.]6,"21°30'45"" Nand 85°41'48"" E ",101,21.5125,85.69666667,Orissa
236,57 - 73,Bw3,10.4,41.5,48.1,sic,23,7.1,0.14 0.]4,"21°30'45"" Nand 85°41'48"" E ",101,21.5125,85.69666667,Orissa
237,73+,Cr,weathered gravels,,,,,,,"21°30'45"" Nand 85°41'48"" E ",101,21.5125,85.69666667,Orissa
238,Depth Deptb (cm),Hori-| | Hor!- zzo on n |,Sand (( 22. .00- -0 0. .0 05 5 mim) mm) (%),SSilitl’t (9.05- (0.05- 0.002mm) 0.OO2mm) ((%%) ),| CCl la ay y | (<0.002 «0.002 mm) (%),Texture,| CCo oar as re s| e ffrraagg. . | vvool.l . (%),pH | pH 11: :2 2. .5 5 | water,EC 11: :2 2. .5 5 | w wa ate ter r (dS/m (dS/m),,103,21.26666667,85.7875,Orissa
239,0-15 0 - IS,Ap_ Ap,65.4,11.5,23.1,scl sci,88,6.2,00..1 14 4,,103,21.26666667,85.7875,Orissa
240,11 55 - -3 39 | 9,BBw wl l,59.6,14.1,26.3,ssccli,1111,66..88,0.17,,103,21.26666667,85.7875,Orissa
241,33 99 - -5 9 59 |,B Bw w2 2,116 6..88,52.3,30.9,ssiiccll,25,6.9,0.18,,103,21.26666667,85.7875,Orissa
242,55 99 - -7 8 | 7 8,Bw3,114 4..22,51.3 51J,34.5,ssiiccll,59,7,0.15,,103,21.26666667,85.7875,Orissa
243,78+,Cr,weathered granite gneiss,,,,,,,,103,21.26666667,85.7875,Orissa
244,Depth | Deptb (cm) (em),Hori- zon,Sand (2.0-0.05 mm) ((%%) ),Silt (0.05- (0.O5~ 0.002mm)| O.OO2mm) ((%%) ),Clay (<0.002 «0.002 mm) = mm) ((%%) ),T Te ex xtu ture re |,CCo oa ars rse e | frag. vvool.l . | ((%%) ),ppH H 11: :2 2. .5 5 | wwa ate ter r |,EC 11: :2 2. .8 5 wwa ate ter r (dS/m),,105,21.49583333,85.75277778,Orissa
245,0-13,A,76.5,55..44,118 8.1. 1,ssll,--,5,0.09,,105,21.49583333,85.75277778,Orissa
246,1133 -— 228 8,BBtlt l,68.1,6.9,25,ssccli,-~,5.6,0.06,,105,21.49583333,85.75277778,Orissa
247,228 8—- 5533,Bt2,69.3,33..11,27.6,ssccli,--,6,0.04,,105,21.49583333,85.75277778,Orissa
248,553 3 -— 888 8,8Btt33,68.8,33..44,27.8,ssccli,-=,55..99,0.04,,105,21.49583333,85.75277778,Orissa
249,88 88 - -1 1 J 0 1 0 |,8Btt44,68.3,44..33,27.4,ssccli,-=,5.7,0.05,,105,21.49583333,85.75277778,Orissa
250,Depth Deptb (cm),Hori- Hori· zon zoo,| SSa an nd d ({2(2..00-.00..005;5 mmm m) ) | ((%%)_),Silt (( 00. .005 5- - | O0. .0 O0 O2m lmm) m| ) ((%“) ),Clay | Clay «(< 00 .. 000 02 2 mm) (%)_ (%),Texture,Coarse (fr ra ag g. . | vvo ol. l . | ((“%%)),| ppH H 11: :2 2. .5 5 | wwa ate ter r |,EC Ee 11: :2 2. .5 5 wwa ate ter r (dS/m),"21 °26' 13"" Nand 85°48'30"" E ",107,21.43694444,85.80833333,Orissa
251,0-15 0 - 15,Ap,54.1,15.9,30,sscclI,--,5.4,0.83,"21 °26' 13"" Nand 85°48'30"" E ",107,21.43694444,85.80833333,Orissa
252,15-34 | 15 - 34,B Bw wgi g l |,52.6,14.5,32.9,scl scI,-~,6,0.74,"21 °26' 13"" Nand 85°48'30"" E ",107,21.43694444,85.80833333,Orissa
253,334 4— -5 59 9 |,BBw wg g2 2 |,447 7. .0 0,18.9,34.1,sscclI,--,6.4,0.65,"21 °26' 13"" Nand 85°48'30"" E ",107,21.43694444,85.80833333,Orissa
254,59-87 | 59 - 87,B Bw wg g3 3 |,55.1,14.4,30.5,ssccli,--,6.6,0.61,"21 °26' 13"" Nand 85°48'30"" E ",107,21.43694444,85.80833333,Orissa
255,87-111 87 - 11 J,Cgl,70,10.2,19.8,ssll,-~,6.6,0.47,"21 °26' 13"" Nand 85°48'30"" E ",107,21.43694444,85.80833333,Orissa
256,I1 I1 )1 - - 15 10 5 0 |,CCg g2 2,70.6,10.3,19.1,ssll,--,6.7,0.3,"21 °26' 13"" Nand 85°48'30"" E ",107,21.43694444,85.80833333,Orissa
257,DDe ep pth th | (cm),HHo ori r- i - zon | zoo,Sand (2.0-0.05 mm) ((%%) ),Silt (0.05- 0.002mm)| 0.OO2mm) ((%%) ),Clay (<0.002 «0.002 mm) ((%“%)),TTe ex xtu ture r e |,CCo oa ars rse e frag. vol. | vol. ((%%) ),| ppH H | 11: :2 2. .5 5 water,EC | 1:2.5 1:2.5 | wwa ate ter r (dS/m),,109,21.825,85.51666667,Orissa
258,0-16 0 - 16,Ap,11.4,4.9,83.7,cc,--,6.2,0.71,,109,21.825,85.51666667,Orissa
259,16-35 16 - 35,Bw,11.7,14.3,74,cc,--,6.5,0.64,,109,21.825,85.51666667,Orissa
260,35-64 | 35 - 64,Bwgl,10.7,18.7,70.6,cC,--,6.8,0.57,,109,21.825,85.51666667,Orissa
261,64-105 64 - 105,| BBw wg g2 2,12,33.7,54.3,icc,--,7.6,0.48,,109,21.825,85.51666667,Orissa
262,105-150 105 - 150,| BBw wg g3 3,9.2,32.8,58,cc,-~,7.6,0.39,,109,21.825,85.51666667,Orissa
263,DDe ep pth th | (cm) (em),Hori- Hori~ zon | zoo,Sand (( 22. .00- -0 0. .0 05 5 mm) _(%) (%),SSilitl t | (0.05- | (0.05~ 0.002mm); 0.OO2mm) (%),Clay (<0.002 «0.002 mm) ((%%) ),Texture,| CCo oa ars rse e ffr ra ag g. . | vvool.l . | ((%%) ),| pH pH 1:2.5 wwa ate ter r,EC | 11: :2 2. .5 5 water | water (dS/m),,111,20.85833333,84.09166667,Orissa
264,0-12 0 - 12,Ap,42.8,25.5,31.7,ccll,-~,7Ee.:2,0.56,,111,20.85833333,84.09166667,Orissa
265,11 22 - -2 4 24 |,BBw wl l,41.7,25,33.3,ccll,-~,75 7.5,0.51,,111,20.85833333,84.09166667,Orissa
266,2 244 - -3 37 7 |,BBw w2 2,50,19.3,30.7,ssccli,--,7.6,0.43,,111,20.85833333,84.09166667,Orissa
267,33 77 - -5 0 | 50,B Bw w3 3,54.1,18,27.9,sscclI,-~,78 7.8,0.37,,111,20.85833333,84.09166667,Orissa
268,550 0- -8 81 1 |,BBw w4 4,55.3,19,25.7,sscclI,--,8,0.28,,111,20.85833333,84.09166667,Orissa
269,81-130 81 - 130,C&,6666..88,1155..1 I,18.1,ssll,-.,88..11,0.22,,111,20.85833333,84.09166667,Orissa
270,Depth (cm),Hori- Horl- zon | zon,Sand | (2.0-0.05| (2.0-0.05 mmm m) ) | ((%%) ),SSiilltt (0.05- 00. .00 002 2m mm) m| ) ((%%) ),Clay (<0.002 «0.002 mm) ((%%) ),TTe ex xtu ture re |,CCo oa ars rse e ff rra ag g. . | vvool.l . | (%) (0/0),| ppH H 11: :2 2. .5 5 wwa ate ter r,EC | 11: :2 2. .5 5 | wwa ate ter r (dS/m),,113,21.64111111,85.77805556,Orissa
271,0-14 0 - 14,Apg,24,30.3,45.7,cc,--,6.6,0.84,,113,21.64111111,85.77805556,Orissa
272,14-23 14 -23,Bwg]l Bwsd,34.1,22.5,43.4,cc,-,7,0.76,,113,21.64111111,85.77805556,Orissa
273,2233 -— 4433,Bwg2,42,PAP: 21.2,36.8,ccll,--,7,0.68,,113,21.64111111,85.77805556,Orissa
274,43-59 43 - 59,Bwg3,56.6,12,31.4,ssccli,#NAME?,77..00,0.43,,113,21.64111111,85.77805556,Orissa
275,559 9—- 8866,Bwg4,38,32.3,29.7,ccll,-,77..11,0.29,,113,21.64111111,85.77805556,Orissa
276,86+,R,hard rock,,,,,,,,113,21.64111111,85.77805556,Orissa
277,Depth ((ccmm) ),Hori- Horl- zzo on n |,Sand (2.0-0.05 mm) ((%%) ),SSillit t ((00..0055-- 0.002mm); 0.002mm) ((%a) ),Clay (<0.002 «0.002 mm) (%),TTe ex xt tu ure re |,CCo oa ars rse e ffrraagg. . | vvool.l . | ((%‘) ),| ppH H 11::22..55 wwat ae tr e) r,EC | 11::22..55 water ((ddSS//mm) ),,115,21.38333334,85.16666667,Orissa
278,0-16 0- 16,Ap,66,"17,9 17.9",16.1,sl 51,- ~,6.3,0.28,,115,21.38333334,85.16666667,Orissa
279,1166 -~— 336 6,Bw! Bwl,56.5,11,32.5,scl sci,-=,66..77,0.13,,115,21.38333334,85.16666667,Orissa
280,3366 -— 6644,Bw2,50.2,12.7,37.1,sscc,-~,6.9,0.15,,115,21.38333334,85.16666667,Orissa
281,64-89,Bw3,48.1,)11 1..33,40.6,sscc,--,7,00..1)1 1,,115,21.38333334,85.16666667,Orissa
282,89-127 89 -127,| BBw w4 4,48.7,88..99,42.4,sscc,-~,77..22,0.11,,115,21.38333334,85.16666667,Orissa
283,127-150,| BBw ws 5,48.3,11.6,40.1,sscc,-,7.3,0.09,,115,21.38333334,85.16666667,Orissa
284,DDe ep pth th | (cm) (em),HHo ori r- f - zon zoo,Sand (2.0-0.05 mm) ((%%) ),SSillti t (0.05- 0.002mm)| 0.002mm) ((%%) ),Clay (<0.002 «0.002 mm) ((A%) ),T Te ex xtu ture re |,CCo oa ars rse e ff rra ag g. . | vvool.l . | ((%%) ),| ppH H 11: :2 2. .5 5 wwa ate ter r,EC | 11: :2 2. .5 5 | wwa ate ter r ((ddSS//mm) ),,117,22.23138889,84.935,Orissa
285,0-12,Ap,14.4,41.2,44.4,sic,--,7.2,0.22,,117,22.23138889,84.935,Orissa
286,23-Dec,| B Bw wl l,14.1,43.6,42.3,ssiicc,--,7.2,0.23,,117,22.23138889,84.935,Orissa
287,23-47 23 -47,| Bw2 Bw2,13.6,43.4,43,sic,--,7.1,0.14,,117,22.23138889,84.935,Orissa
288,47-67,Bw3,14,45.2,40.8,ssiicc,#NAME?,7.2,0.12,,117,22.23138889,84.935,Orissa
289,67-87,| Bw4 Bw4,16.5,36.4,47.) 47.1,cc,#NAME?,7.2,0.14,,117,22.23138889,84.935,Orissa
290,87-—120| 87 -120,Bws Bw5,19.4,35.6,45,sic,-,7.3,0.08,,117,22.23138889,84.935,Orissa
291,DDe ep pth th | (cm) (em),Hori- zzo on n |,Sand (( 22. .0 0- ·0 0. .0 05 5 mm) C(h%a)),Silt (0.05- 0.002mm); O.002mm) ((%“A)),Clay (<0.002 «0.002 mm) ((%A) ),TTe ex xt tu ure re |,CCo oa ars rse e tf rra ag g. . | vvo ol. l . | ((%%) ),| ppH H 11: :2 2. .5 5 wwa ate ter r,EC | 11: :2 2. .5 5 water | water (dS/m),,119,20.94166667,84.85833333,Orissa
292,0-13 0 - 13,Ap,75,10.5,14.5,ssll,--,6.7,0.07,,119,20.94166667,84.85833333,Orissa
293,13-26 | 13 - 26,BBw wi l,60.5,18.3,21.2,sscclI,77,6.8,0.05,,119,20.94166667,84.85833333,Orissa
294,226 6- -4 40 0 |,Bw2,71.4,44 7.7,20.9,sscclI,19,6.9,0.05,,119,20.94166667,84.85833333,Orissa
295,4400 —- 7700,BC Be,69.8,8.7,21.1,scl sci,52,77. .1 1 |,0.03,,119,20.94166667,84.85833333,Orissa
296,DDe ep pth th | (cm),HHo ori r- l - zzo on n |,Sand | Sand ((22..00--00..0055 mm) (%),SSiiltl t ((00..0055- - 0.002mm)' 0.002mm) ((%%) ),Clay | Clay (<0.002 «0.002 mm) ((%%) ),Texture Texture |,CCo oar as re s; e ff rra ag g. . | vol. | vol. ((%%) ),pH | pH 11::22..55 water,EC EC | | 11::22..55 water (dS/m) l_dS/m}_,"22°01'30"" Nand 84°58'50"" E ",121,22.025,84.98055556,Orissa
297,0-15 0 - 15,Ap,35.2,34.6,30.2,ccll,--,5.4,0.36,"22°01'30"" Nand 84°58'50"" E ",121,22.025,84.98055556,Orissa
298,11 55 - -5 ! | 5 1,BBw wl l,1177..55,49,33.5,ssiiccl I,-~,5.7,0.27,"22°01'30"" Nand 84°58'50"" E ",121,22.025,84.98055556,Orissa
299,55 11 - -7 1 | 7 1,BBw w2 2,15.3,42.5,42.2,ssiicc,-,5.9,0.14,"22°01'30"" Nand 84°58'50"" E ",121,22.025,84.98055556,Orissa
300,71-105 71 -105,| BBw w3 3,14.6,42.3,43.1,ssiicc,--,6,0.09,"22°01'30"" Nand 84°58'50"" E ",121,22.025,84.98055556,Orissa
301,105-150 105 -150,| BBw w4 4,24.4,39.6,36,ccll,--,6.2,0.08,"22°01'30"" Nand 84°58'50"" E ",121,22.025,84.98055556,Orissa
302,DDe ep pth th | (cm) (em),HHo ori r- i - zon,Sand (2.0-0.05 mim) mm) ((%“) ),SSiillt t (0.05- 0.002mm); 0.OO2mm) ((%%) ),Clay (<0.002 «0.002 mm) ((%%) ),TTe ex xt tu ure re |,CCo oa ars rse e ffr ra ag g. . | vol. | vol. ((%%) ),| ppH H 11: :2 2. .8 5 | water,EC 11: :2 2. .5 5 | wwa ate ter r ((ddSS//mm) ),"21°3'34"" Nand 85°4'4"" E ",123,21.05944444,85.06777778,Orissa
303,0-14 0 - 14,Ap,56.6,55..66,37.8,sscc,16,6.1,0.8] 0.81,"21°3'34"" Nand 85°4'4"" E ",123,21.05944444,85.06777778,Orissa
304,14-29 | 14 - 29,Bwgl BwgJ,42.4,23.4,"34,2 34.2",ccll,10,5.5,0.72,"21°3'34"" Nand 85°4'4"" E ",123,21.05944444,85.06777778,Orissa
305,29-52 29 - 52,| B Bw wg g2 2,53.6,99..99,36.5,sc,9,77..55,0.56,"21°3'34"" Nand 85°4'4"" E ",123,21.05944444,85.06777778,Orissa
306,52-106 52 - 106,Bwg3 | Bwg3,55.1 |,88..11,36.8,sscc,66..00,77..55,0.45,"21°3'34"" Nand 85°4'4"" E ",123,21.05944444,85.06777778,Orissa
307,[106-150] 106 - 150,Bwg4,54.2 |,77..66,38.2,sscc,5,7.6,0.38,"21°3'34"" Nand 85°4'4"" E ",123,21.05944444,85.06777778,Orissa
308,DDe ep pth th | (cm),Hori- Horl- zzo on n |,Sand (( 22. .00- -0 0. .0 05 5 mm) ((%%) ),SSiiltl t (0.05- 0.002mm); 0.002mm) ((%%) ),Clay (<0.002 «0.002 mm) (%),Texture,| CCo oa ars rse e | ff rra ag g. . | vol. | vol. (%) i%),ppH H 11: :2 2. .5 5 | water,EC 11: :2 2. .5 5 water (dS/m),,125,20.92916667,85.125,Orissa
309,0-15 0 - 15,A,90,22..55,7.3,ss,--,6.8,0.05,,125,20.92916667,85.125,Orissa
310,15 - 35,A2,82.4,9,8.6,IIss,-,6.9,0.06,,125,20.92916667,85.125,Orissa
311,35-61 35 -61,Btl,73,122 12.2,14.8,ssll,-~,7.2,0.08,,125,20.92916667,85.125,Orissa
312,66 11 - -1 0 11 0 1 |,BBt t2,58.1,15.4,26.5,ssccli,--,7.4,0.1,,125,20.92916667,85.125,Orissa
313,101-150 101 -150 |,Bt3 } Bt3,50.2,12.2,37.6,sc,-~,7.5,0.13,,125,20.92916667,85.125,Orissa
314,Depth | Depth (em) | (cm),Hori- zon | zon,Sand (2.0-0.05 mm) ((%%) ),SSiillt t | (0.05- | (0.05- 0.002mm)| 0.OO2mm) ((%%) ),Clay (<0.002 «0.002 mm) ((%%) ),Texture,| CCo oa ars rse e frag. | frltg. vvool.l . | ((%%)),pH | pH 1:2.5 | 1:2.5 wwa ate ter r,EC 1:2.5 | wwa ate ter r (dS/m),"19°41'10"" Nand 84°21 '30"" E ",127,19.68611111,84.35833333,Orissa
315,0-17 0 - 17,Ap,49.5,23.2,27.3,ssccli,--,5.4,0.17,"19°41'10"" Nand 84°21 '30"" E ",127,19.68611111,84.35833333,Orissa
316,1177 -- 443 3,Btl,36.6,30,33.4,ccll,--,D7 So. 7,0.18,"19°41'10"" Nand 84°21 '30"" E ",127,19.68611111,84.35833333,Orissa
317,443 3 -— 778 8,Bt2,48,15.5,36.5,sc,--,5.9,0.09,"19°41'10"" Nand 84°21 '30"" E ",127,19.68611111,84.35833333,Orissa
318,7788 —- 9933,Bt3,47.2,14.1 t 4. t,38.7,sc,--,66..1 1,0.07,"19°41'10"" Nand 84°21 '30"" E ",127,19.68611111,84.35833333,Orissa
319,93-150 93 - 150 |,BBt t4 4,50.3,16.3,33.4,ssccli,--,6.3,0.04,"19°41'10"" Nand 84°21 '30"" E ",127,19.68611111,84.35833333,Orissa
320,DDe p pth tb | (em) (cm),Hori- zzo on n |,Sand (( 22. .00- -0 0. .0 05 5 mm) ((%%)J,SSiUlt t (0.05- 0.002mm) ((%%) ),Clay (<0.002 «0.002 mm) (%),TTe ex xt tu ure re |,CCo oa ars rse e | tf rra ag g. . | vvool.l . | ((%%) ),ppH H 11: :2 2. .5 5 | water,EC 11: :2 2. .5 5 | wwa ate ter r (dS/m),"20°50'45"" Nand 85°46'45"" E ",129,20.84583333,85.77916667,Orissa
321,0-12 0 - 12,A,62.8,18.9,18.3,ssll,1144,66..66,0.12,"20°50'45"" Nand 85°46'45"" E ",129,20.84583333,85.77916667,Orissa
322,11 22 - - 2 29 9 |,AAl I2 2,6655..88,17.1,17.1,ssll,4411,66..88,0.11,"20°50'45"" Nand 85°46'45"" E ",129,20.84583333,85.77916667,Orissa
323,2299 ~- 4455,AC,58.2,18.5 t 8.5,23.3,ssccl i,79,66..77,0.14,"20°50'45"" Nand 85°46'45"" E ",129,20.84583333,85.77916667,Orissa
324,45+,R,hard rock,,,,,,,"20°50'45"" Nand 85°46'45"" E ",129,20.84583333,85.77916667,Orissa
325,DDe ep pth th | (em) (cm),Hori- zzo on n |,Sand (( 22. .00- -0 0. .0 05 5 mm) ((%%) ),SSiilltt (0.05- 0.002mm) O.OO2mm) ((%%) ),Clay (<0.002 «0.002 mm) ((%%) ),Texture,| CCo oa ars rse e ffrraagg. . | vvool.l . ((%%)),| ppH H 11::22..55 water,EC | 11::22..55 | wwa ate ter r (dS/m),"20°15'30"" Nand 85°13' E ",131,20.25833333,85.21666667,Orissa
326,0-11,A,64.3,11.6,24.1,ssccli,35,52 5.2,0.21,"20°15'30"" Nand 85°13' E ",131,20.25833333,85.21666667,Orissa
327,11-34 | 11-34,Btl,54.5,16.3 | 16.3,30.2,scl sci,42,5§. .2 2 |,00. .117 7,"20°15'30"" Nand 85°13' E ",131,20.25833333,85.21666667,Orissa
328,34-65,Bt2,5500..55,18.5,31,ssccli,35,55..33,0.12,"20°15'30"" Nand 85°13' E ",131,20.25833333,85.21666667,Orissa
329,65-104 65 - 104,| B Bt t3 3,45,15.3,39.7,ccll,4400,55..88,0.18,"20°15'30"" Nand 85°13' E ",131,20.25833333,85.21666667,Orissa
330,104+,Cr,weathered parent material,,,,,,,"20°15'30"" Nand 85°13' E ",131,20.25833333,85.21666667,Orissa
331,DDe ep pth th | (cm),Hori- zzo on n |,Sand (( 22. .00- -0 0. .0 05 5 mm) _(%) (%),SSiiltl t (0.05- 0.002mm); 0.002mm) ((%%) ),Clay (<0.002 «0.002 mm) ((%%) ),TTe ex xt tu ure re |,CCo oa ars rse e Cfr ra ag g. . | vvool.l . | ((%%) ),| ppH H 11: :2 2. .5 5 wwa ate ter r,EC | 11: :2 2. .5 5 | wwa ate ter r (dS/m),"21°54' N and 87°8' 10"" E ",133,21.9,87.13611111,Orissa
332,0-16 0 - 16 L,Apg Apg_,32,34.7,33.3,ccl1,--,75 7.5,0.46,"21°54' N and 87°8' 10"" E ",133,21.9,87.13611111,Orissa
333,16—43 | 16 - 43,Bwgl Bwg1,44.4,18.6,37,ccll,-=,8,0.63,"21°54' N and 87°8' 10"" E ",133,21.9,87.13611111,Orissa
334,44 33 - -6 64 4 |,BBw wg g2 2,46.8,17.3,35.9,sscc]i,--,8.] 8.1,0.71,"21°54' N and 87°8' 10"" E ",133,21.9,87.13611111,Orissa
335,66 44 - -9 95 5 |,Bwg3,52.7,10.1,37.2,sscc,--,8,0.54,"21°54' N and 87°8' 10"" E ",133,21.9,87.13611111,Orissa
336,95-152 | 95 - 152,B Bw wg4 g 4,55.6,6.1,38.3,sscc,--,88..11,0.28,"21°54' N and 87°8' 10"" E ",133,21.9,87.13611111,Orissa
337,0-9 0 - 9,A,65,13.4,21.6,sscclI,21,5.3,0.07,"20°38'30"" Nand 85°57'33"" E ",135,20.64166667,85.95916667,Orissa
338,99 -— 3344,Bw,60.4,14.2,25.4,ssccl I,56,5.4,0.08,"20°38'30"" Nand 85°57'33"" E ",135,20.64166667,85.95916667,Orissa
339,334 4 -— 662 2,Cr,weathered parent material weatheredparent material,,,,,,,"20°38'30"" Nand 85°57'33"" E ",135,20.64166667,85.95916667,Orissa
340,DDe ep pth th | (cm) (em),Hori- zzo on n |,Sand (( 22. .00- -0 0. .0 05 5 mm) _((%%) ),SSiilltt (0.05- 0.002mm)| 0.002mm) ((%%) ),Clay (<0.002 «0.002 mm) ((%%) ),TTe ex xt tu ure re |,CCo oa ars rse e Cfr ra ag g. . | vvool.l . | ((%%) ),| p pH H 11: :2 2. .5 5 | water,EC 11::22..55 | wwa ate ter r (dS/m (dS/m),"20°37' 16"" Nand 85°57'45"" E ",137,20.62111111,85.9625,Orissa
341,0-13 0- 13,AA,7700.1. 1,18.7,1111..22,ssll,-,55..44,0.1,"20°37' 16"" Nand 85°57'45"" E ",137,20.62111111,85.9625,Orissa
342,1133 -— 2299,BBtlt l,67.6,15,17.4,ssll,-,5.6,0.11,"20°37' 16"" Nand 85°57'45"" E ",137,20.62111111,85.9625,Orissa
343,2299 -- 5533,Bt2,58.3,19.5,22.2,scl scI |,t11 1,5.9,0.08,"20°37' 16"" Nand 85°57'45"" E ",137,20.62111111,85.9625,Orissa
344,53+,CCrr,weathered parent material,,,,,,,"20°37' 16"" Nand 85°57'45"" E ",137,20.62111111,85.9625,Orissa
345,0-14 0 - 14,Ap,50,21.3,28.7,ssccli,--,6.7,0.09,,139,20.93333334,85.75833333,Orissa
346,14-29 14 - 29 |,BBw wl l,18.4,49.2,32.4,ssiiccll,77,7,0.11,,139,20.93333334,85.75833333,Orissa
347,22 99 - -7 0 | 7 0,BBw w2 2,46.2,19.1,34.7,sscel l,1177,72 7.2,0.1,,139,20.93333334,85.75833333,Orissa
348,70-140 | 70 - 140,Bw3,46.7,14.8,38.5,sscc,31,77..33,0.06,,139,20.93333334,85.75833333,Orissa
349,140+,Cr,Weathered parent material,,,,,,,,139,20.93333334,85.75833333,Orissa
350,DDe ep pth th | (cm),Hori- zzo on n |,Sand (( 22. .00- -0 0. .0 05 5 mm) ((%%) ),SSiilltt (0.05- 0.002mm)| O.OOlmm) ((%%) ),Clay (<0.002 «0.002 mm) ((%%) ),Texture,Coarse | Coarse frag. vvool.l . | ((%%) ),pH | pH § 11: :2 2. .5 5 wwa ate ter r,EC | 11: :2 2. .5 5 | wwa ate ter r ((ddSS//mm) ),,141,20.9125,85.59166667,Orissa
351,0-15,Ap,36.7,34,29.3,ccll,--,5.7,0.69,,141,20.9125,85.59166667,Orissa
352,1155 -~3 35 5,Bw,30.7,36,33.3,ccl),--,66..00,0.58,,141,20.9125,85.59166667,Orissa
353,33 55 - -6 8 6 8 |,Bwgl Bw~1,18.3,40.4,41.3,ssiicc,--,66..1 1,0.46,,141,20.9125,85.59166667,Orissa
354,66 88 - -1 0 14 | 0 4,Bwg2 Bw~2,25.2,29.5,"45,3 45.3",cC,--,66..22,0.39,,141,20.9125,85.59166667,Orissa
355,110 04 4 -— 115 50 0 |,BBw wg g3 3,20.2,32.5,47.3,cc,--,6.4,0.27,,141,20.9125,85.59166667,Orissa
356,DDe ep pth th | ((ecmm) ),BHo ori r- l - zon | ZOD,Sand Saad ((22..00--00..005S mm) ((%%) ),SSiUlt t (0.05- (O.OS- 0.002mm)| 0.002mm) ((%%) ),Clay (<0.002 mm) ((%%) ),Texture,| CCo oar as ne e Cfrraagg. . | vol. | vol. (%) (~.),| ppH H 11::22..55 water,| EC | 11::22..5S water | water dS/m) (dS/m),,145,19.62666667,82.79611111,Orissa
357,0-7 0 -1,Ap,65.4,17.7 11.1,16.9,ssll,- =,5.8,0.07 0.01,,145,19.62666667,82.79611111,Orissa
358,7-29 7- 29,BBtlt l,57.3,16.6,26.1,sscclI,--,5.9,0.04,,145,19.62666667,82.79611111,Orissa
359,29-42 29 - 42,Bt2 Btl,50.9,16.7,32.4,ssccli,-~,6.1,0.04,,145,19.62666667,82.79611111,Orissa
360,42-74 42 - 74,Bt3 Btl,48.4,13,38.6,sc,-~,6.1,0.02,,145,19.62666667,82.79611111,Orissa
361,774 4- -1 0 17 0 1 |,BBt t4 4,47.6,12.5,39.9,sc 50,-~,6.3,0.03,,145,19.62666667,82.79611111,Orissa
362,107-150,| BBt t5 S,30.4,26.4,43.2,cc,-~,6.4,0.03,,145,19.62666667,82.79611111,Orissa
363,DDe p pth th | (cm) (em),Hori- zzo on n |,Sand (( 12. .00- -0 0. .0 05 5 mm) ((%%)),SSiilltt (0.05- (0.05. 0.002mm);/ 0.002mm) ((%%) ),Clay (<0.002 «0.001 mm) ((%%) ),T Te ex xtu ture re |,CCo oa ars rse e ff rra ag g. . | vol. | vol. ((%%) ),pH | pH 11: :2 1. .5 5 | wwa ate ter r,EC 11: :2 2. .5 5 | wwa ate ter r ((ddSS//mm) ),"19°38'55"" Nand 82°7'33"" E ",147,19.64861111,82.12583333,Orissa
364,0-15,Ap Ap~,62,20.2,117 7..88,ssll,-~,55..99,0.26,"19°38'55"" Nand 82°7'33"" E ",147,19.64861111,82.12583333,Orissa
365,1155 -— 3344,BBtlt l,42.6,22.1,35.3,ccll,--,5.8,0.14,"19°38'55"" Nand 82°7'33"" E ",147,19.64861111,82.12583333,Orissa
366,3344 --6 69 9,Bt2,3355.3J,23.2,41.5,cc,--,6,0.13,"19°38'55"" Nand 82°7'33"" E ",147,19.64861111,82.12583333,Orissa
367,69-104 69 - 104,| BBtst l,28.8,22,49.2,cc,--,66..00,0.11,"19°38'55"" Nand 82°7'33"" E ",147,19.64861111,82.12583333,Orissa
368,104—162 104 - 162,| BBt t4 4,30.9,22.4,46.7,cc,22,6,0.1,"19°38'55"" Nand 82°7'33"" E ",147,19.64861111,82.12583333,Orissa
369,0-9 0 - 9,A,40.2,27,32.8,cl c1,-,55..88,0.13,"19°38'38"" Nand 82°8'30"" E ",149,19.64388889,82.14166667,Orissa
370,9-26 9 - 26,Bwl,37.3,24.6,38.1,cc,--,66..00,0.09,"19°38'38"" Nand 82°8'30"" E ",149,19.64388889,82.14166667,Orissa
371,22 66 - -6 7 | 67,B Bw w2 2,35,21.4,43.6,cc,--,66..11,0.08,"19°38'38"" Nand 82°8'30"" E ",149,19.64388889,82.14166667,Orissa
372,66 77 - -1 0 13 0 3 |,BBw w3 3,32,18.6,49.4 49. 4,cg,--,66..22,0.05,"19°38'38"" Nand 82°8'30"" E ",149,19.64388889,82.14166667,Orissa
373,110 03 3 -— 114 48 8,| BBw w4 4,32.2,21.3,46.5,cc,- ”,66..44,0.05,"19°38'38"" Nand 82°8'30"" E ",149,19.64388889,82.14166667,Orissa
374,Depth | Depth (cm) (em),Hori- zon | zon,Sand (2.0-0.05 mm) ((%%) ),SSillti t (0.05- 0.002mm) 0.OO2mm) ((%%) ),Clay (<0.002 «0.002 mm) ((%%) ),Texture,| CCo oa ars rse e ff rra ag g. . | vvo ol l. . | ((%%) ),| ppH H 11: :2 2. .5 5 | wwa ate ter r,EC 11: :2 2. .5 5 | wwa ate ter r (dS/m),,151,20.075,82.52083333,Orissa
375,0-20 0·20,AA,7700..22,1133..55,1166..33,ssll,4488,77..66,0.09,,151,20.075,82.52083333,Orissa
376,20-40,Bw,4400..33,3322..66,2277..00,I|,6633,77..99,00. .0 07 7,,151,20.075,82.52083333,Orissa
377,40+,R,Hard rock,,,,,,,,151,20.075,82.52083333,Orissa
378,DDe ep pth th | (em) (cm),Hori- Hori· zzo on o |,Sand (( 22. .00- -0 0. .0 05 5 mim) mm) ((%%) ),SSiillt t (0.05- 0.002mm)| 0.002mm) ((%%) ),Clay (<0.002 «0.002 mm) ((%%) ),Texture,| CCo oa ars rse e | ff rra ag g. . | vvo ol. l . | ((%%) ),ppH H 11: :2 2. .5 5 | water,EC 11: :2 2. .5 5 water | water (dS/m),,153,19.64166667,82.08333334,Orissa
379,0-20 0 - 20,AA,57.6,1199..88,22.6,ssccl i,-,5.4,0.08,,153,19.64166667,82.08333334,Orissa
380,220 0- -3 36 6 |,AAl 12 2,57.4,19.5,23.1,ssccli,-,55..66,0.06,,153,19.64166667,82.08333334,Orissa
381,3366 —- 6600,BBt t,47.6,20,32.4,sscclI,-,5.7,0.03,,153,19.64166667,82.08333334,Orissa
382,66 00 - -1 0 10 0 0 |,CCr r,. -,-,. -,- ”,.,. :,.-,,153,19.64166667,82.08333334,Orissa
383,DDe ep pth th | (cm) (em),Hori- zon | zon,Sand (( 22. .00- -0 0. .0 05 5 mm) ((%%) ),SSiiltl t (0.05- 0.002mm)| 0.002mm) ((%%) ),Clay (<0.002 «0.002 mm) ((%%)),Texture,| CCo oa ars rse e | ff rra ag g. . | vvool.l . | ((%%) ),ppH H 11: :2 2. .5 5 water,EC | 11: :2 2. .5 5 | wwa ate ter r ((ddSS//mm) ),,155,19.65833333,82.17916667,Orissa
384,0-15,A,7799..22,99..99,1100..99,IIss,- ~,44..99,0.32,,155,19.65833333,82.17916667,Orissa
385,115 5—- 3388,Btl,5533..55,1177..11,2299..44,sscclI,-=,55..33,0.48,,155,19.65833333,82.17916667,Orissa
386,3388 —- 6677,Bt2,5500..11,1166..77,3333..22,sscclI,66,55..88,00..3366,,155,19.65833333,82.17916667,Orissa
387,67-122 67 - 122,8Btt33,3322..77,1188..00,"4499,.33",cc,--,66..00,00..3311,,155,19.65833333,82.17916667,Orissa
388,122—150 122 -ISO,; B Bt t4 4,3311..00,2211..44,4477..66,cc,--,66..00,00..2244,,155,19.65833333,82.17916667,Orissa
389,DDe ep pth th | (cm),Hori- zon | zon,Sand (( 22. .00- -0 0. .0 05 5 mm) {(%%) l,SSiillt t (0.05- 0.002mm) (%) (_%),Clay (<0.002 «0.002 mm) (%) .(%),Texture,| CCo oa ars rse e ffr ra ag g. . | Vol. | Vol. (A) (%),| ppH H 11: :2 2. .5 5 wwa ate ter r,EC | 11: :2 2. .5 5 | wwa ate ter r (dS/m),"20°47'45"" Nand 82°26'30"" E ",157,20.79583333,82.44166667,Orissa
390,0-15 0 - 15,Ap,38,28.4,33.6,ccll,--,6.4,0.71,"20°47'45"" Nand 82°26'30"" E ",157,20.79583333,82.44166667,Orissa
391,15-21 | 15 - 21,BBw wgl g l,19.4,38.9,41.7,sic,--,6.7,0.66,"20°47'45"" Nand 82°26'30"" E ",157,20.79583333,82.44166667,Orissa
392,21-40 | 21 - 40,B Bw wg g2 2,16.5,39.1,44.4,ssiicc,-,6.8,0.6,"20°47'45"" Nand 82°26'30"" E ",157,20.79583333,82.44166667,Orissa
393,40-57 | 40 - 57,Bwg3,14.3,40.1,45.6,sic,--,6.9,0.57,"20°47'45"" Nand 82°26'30"" E ",157,20.79583333,82.44166667,Orissa
394,57—75__| 57 - 75,Bwg4,1133..99,39.3,46.8,sic,-~,77..11,0.54,"20°47'45"" Nand 82°26'30"" E ",157,20.79583333,82.44166667,Orissa
395,75-136 75 - 136,| BBCe,12.9,36.6,50.5,cc,-,7.2,0.5,"20°47'45"" Nand 82°26'30"" E ",157,20.79583333,82.44166667,Orissa
396,Depth | Depth (cm),Hori- zon,Sand (2.0-0.05 mm) ((0%/)0 ),Silt (0.05- 0.002mm)| 0.002mm) ((%%) ),Clay (<0.002 «0.002 mm) ((0%/)0 ),Texture,| CCo oa ars rse e Cfr ra ag g. . | vol. | vol. ((%‘) ),pH | pH 11: :2 2. .5 5 water,EC | 11: :2 2. .5 5 | wwa ate ter r (dS/m),,159,19.3125,82.73333334,Orissa
397,0-14,Ap. Ap,5555..77,1166..00,2288..33,ssccli,--,66..44,00..6622,,159,19.3125,82.73333334,Orissa
398,11 44 - -4 3 | 43,"Bw, BWI",5522..00,1177..44,30.6,sscc}i,1 11,6.6,0.53,,159,19.3125,82.73333334,Orissa
399,44 33 - -7 8 7 8 |,Bw2 BW2,4488..11,20.2,31.7,ssccli,20,66..77,0.45,,159,19.3125,82.73333334,Orissa
400,78+,Cr,weathered parent material,,,,,,,,159,19.3125,82.73333334,Orissa
401,0-15 0- 15,A,58.7,115 5..00,26.3,sscclI,20,66..66,0.08,,161,19.3125,82.73333334,Orissa
402,115 -— 663 5 3,Btl,49.2,55..77,45.1,sscc,1155,66..88,0.04,,161,19.3125,82.73333334,Orissa
403,63-107 63 - 107 |,B Bt t2 2,48.5,11..55,50,sscc,1100,66..88,0.05,,161,19.3125,82.73333334,Orissa
404,107-162 107 - 162,| BBt t3 3,46.7,33..11,50.2,sscc,1100,66..99,0.05,,161,19.3125,82.73333334,Orissa
405,162+,Cr,weathered parent material,,,,,,,,161,19.3125,82.73333334,Orissa
406,DDe ep pth th | (cm) (em),Hori- HorA- zzo on n |,Sand (( 22. .00- -0 0. .0 05 5 mm) (%),SSiillt t ((00..0055- - 0.002mm)| 0.002mm) (%),Clay (<0.002 «0.002 mm) (%),Texture,| C Co oa ars rse e ffrraagg. . vvool.l . | (%),| ppH H | 11::22..55 wwa ate ter r,EC | 11: :2 2. .5 5 water | water (dS/m),,163,19.88333334,82.05833333,Orissa
407,0-14 0- 14,Ap,1188..22,36.6,45.2,cc,- ~,55..55,0.21,,163,19.88333334,82.05833333,Orissa
408,14-27 14 - 27,Bw! Bwl,3311..22,2244..44,4444..44,ce,- ~,77..44,00..2 23 3,,163,19.88333334,82.05833333,Orissa
409,27-52,Bw2,"5500,.22",1144..88,3355..00,ssce,-~,77..55,00..1166,,163,19.88333334,82.05833333,Orissa
410,52-81 52- 81,Bw3,2211..55,2277..00,5511..55,¢cc,--,77..77,00..1155,,163,19.88333334,82.05833333,Orissa
411,81-150 81 -ISO,| BBw w4 4,33,24,43,ec,-~,77..88,0.16,,163,19.88333334,82.05833333,Orissa
412,DDe ep pth th | (cm) (em),HHo ori r- i - zon,Sand (2.0-0.05 mm) ((%%) ),SSiiltl t ((00..0055- . 0.002mm)| 0.OO2mm) J(%‘)},Clay (<0.002 «0.002 mm) (%) 1%1,TTe ex xt tu ure re |,CCo oa ars rse e tfrraagg. . | vvool.l . l(%‘A)J,| ppH H 11::22..55 | water,EC 11::22..55 | wwa ate ter r (dS/m) . {dS/mJ,,165,19.70277778,82.04722222,Orissa
413,0-14 0 - 14,Ap,46.2,23.2,30.6,ssccli,-,55..33,0.11,,165,19.70277778,82.04722222,Orissa
414,14-31 14 - 31,Btl,36.5 36.S,23.7,39.8,ccll,- :,5HF .7,0.06,,165,19.70277778,82.04722222,Orissa
415,3311 --— 5566,Bt2,3344..66,t1 99..44,46,ssiicc,--,55..88,0.07,,165,19.70277778,82.04722222,Orissa
416,56-115 | 56 - ItS,8BB t3,30.8,19.3,49.9,ssiicc,--,55..77,0.05,,165,19.70277778,82.04722222,Orissa
417,115-150 115 - 150 |,| B Bt t4 4,26.8,117 7..77,55.5,cc,-,5.9,0.05,,165,19.70277778,82.04722222,Orissa
418,DDe ep pth th | (cm) (em),Hori- zzo on n |,Sand (( 22. .00- -0 0. .0 05 5 mm) (%) (0/0),SSiUlt t (0.05- 0.002mm)| 0.OO2mm) (%),Clay (<0.002 «0.002 mm) (%),TTe ex xtu ture r e |,CCo oa ars rse e | ffr ra ag g. . | vvool.l . | (%) 1%1,pH 11: :2 2. .5 5 water,EC | 11: :2 2. .5 5 water | water (dS/m),"19°23 '45"" N and 82°27' 10"" E ",167,19.39583333,82.45277778,Orissa
419,0-13 0 - 13,A,42.6,33.1,24.3,I|,-,55..33,0.07,"19°23 '45"" N and 82°27' 10"" E ",167,19.39583333,82.45277778,Orissa
420,113 3 -— 3 33 3,Btl,38,32.8,29.2,ccll,-,55..66,0.03,"19°23 '45"" N and 82°27' 10"" E ",167,19.39583333,82.45277778,Orissa
421,333 3 -— 662 2,Bt2,39.2,29.9,30.9,ccll,6,55..55,0.03,"19°23 '45"" N and 82°27' 10"" E ",167,19.39583333,82.45277778,Orissa
422,62-91 62 - 91,Bt3,37.2,30.3,32.5,ccll,11,5.6,0.04,"19°23 '45"" N and 82°27' 10"" E ",167,19.39583333,82.45277778,Orissa
423,91-117 91 - 117 |,BBt t4 4,30.3,34.7,35,ccll,28,5.8,0.03,"19°23 '45"" N and 82°27' 10"" E ",167,19.39583333,82.45277778,Orissa
424,117+,Cr,weathered parent materials weathered Qarent materials,,,,,,,"19°23 '45"" N and 82°27' 10"" E ",167,19.39583333,82.45277778,Orissa
425,0-8,A,57.1,21.6,21.3,scl sci,-,6,0.41,,169,19.43333334,82.32916667,Orissa
426,88 -— 2222,BBtlt l,31.3,32.7,36,ccll,-,6.6,0.37,,169,19.43333334,82.32916667,Orissa
427,222 2—- 2288,Bt2,26.5,41.1,32.4,ccll,. -,12 7.2,0.32,,169,19.43333334,82.32916667,Orissa
428,28+,RR,hard rock,,,,,,,,169,19.43333334,82.32916667,Orissa
429,0-7 0 - 7,A,61.8,224 4.1. 1,"14,1 14.1",sl 51,40,55..77,0.07,"21 °30' Nand 83°30'30"" E ",173,21.5,83.50833333,Orissa
430,7-21 7 - 21,AC,62.1,23.3,14.6,ssll,69,55..88,0.06,"21 °30' Nand 83°30'30"" E ",173,21.5,83.50833333,Orissa
431,21+,RR,hard rock,,,,,,,"21 °30' Nand 83°30'30"" E ",173,21.5,83.50833333,Orissa
432,0-10,A,80.2,11.6,88..22,IIss,-,5.8,0.09,"22°1'45"" Nand 84°4'30"" E ",175,22.02916667,84.075,Orissa
433,1100 —- 2277,AC,79.4,14.2,6.4,IIss,-,5.9,0.07,"22°1'45"" Nand 84°4'30"" E ",175,22.02916667,84.075,Orissa
434,27+,R,hard rock,,,,,,,"22°1'45"" Nand 84°4'30"" E ",175,22.02916667,84.075,Orissa
435,DDe ep pth tb | (cm),Hori- zzo on n |,Sand (( 22. .00- -0 0. .0 05 5 mm) ((%%) ),Silt (0.05- 0.002mm) ((%“%)),Clay (<0.002 «0.002 mm) ((%%) ),Texture,| CCo oa ars rse e ffr ra ag g. . | vol. ((%“*)),| ppH H 11: :2 2. .5 5 | water,EC 11: :2 2. .5 5 | wwa ate ter r (dS/m),"21°06'15"" Nand 82°57'45"" E ",177,21.10416667,82.9625,Orissa
436,0-20 0 - 20,A,38,26.7,35.3,ccll,29,5.8,0.11,"21°06'15"" Nand 82°57'45"" E ",177,21.10416667,82.9625,Orissa
437,20-49 | 20 - 49,Bwl,35,23.5,41.5,cc,36,6,0.12,"21°06'15"" Nand 82°57'45"" E ",177,21.10416667,82.9625,Orissa
438,49-60 | 49 - 60,Bw2,31.3,20.3,48.4,cc,49,6.1,0.09,"21°06'15"" Nand 82°57'45"" E ",177,21.10416667,82.9625,Orissa
439,I DDe ep pth th | (cm),Hori- zzo on n |,Sand (( 22. .00- -0 0. .0 05 5 mm) ((%%) ),Silt (0.05- 0.002mm)! O.OO2mm) ((%%) ),Clay (<0.002 «0.002 mm) ((%%) ),Texture,Coarse | Coarse ff rra ag g. . | vvo ol. l . | ((%%) ),| ppH H 11: :2 2. .5 5 water,EC ) 11: :2 2. .5 5 water | water (dS/m),,179,20.33333334,83.24166667,Orissa
440,0-16 | 0- 16,A,6677..00,1188..55,1144..55,ss}l,3300,55..99,00..1111,,179,20.33333334,83.24166667,Orissa
441,16-38 | | 16-38,BBtlt l,67.3,74 7.4,25.3,ssccli,41,55..55 |,0.09,,179,20.33333334,83.24166667,Orissa
442,| 33 88 - -4 2 42 |,Br2 8t2,58.7,77..33,34,sscclI,59,5.5 | 5.5,0.03,,179,20.33333334,83.24166667,Orissa
443,42+ | 42+,RR,hard rock,,,,,,,,179,20.33333334,83.24166667,Orissa
444,Depth | Depth (cm),Hori- zzo on n |,Sand (( 22. .00- -0 0. .0 05 5 mm) ((“%%)),Silt Slit (0.05- 0.002mm) 0.OO2mm) ((%%) ),Clay (<0.002 «0.002 mm) (%),Texture,| CCo oa ars re s e | ff rra ag g. . | vol. ((%%) ),ppH H 11: :2 2. .5 5 | water,EC 11: :2 2. .5 5 | wwa ate ter r (dS/m),,181,20.325,83.06666667,Orissa
445,0-16,A,7700..00,66..77,"2233,.33",ssccli,--,43 4.3,00..1144,,181,20.325,83.06666667,Orissa
446,1166 -— 3344,BBtlt l,6622..00,88..33,2299..77,ssccl I,-,44..66,00..1166,,181,20.325,83.06666667,Orissa
447,3 34 4 -— 666 6,Bt2,57.5,99..55,3333..00,ssccl i,-~,55..11,0.07,,181,20.325,83.06666667,Orissa
448,66-114 66 - 114,BBtt33,5566..00,1111..22,3322..88,sscclI,-~,5Se.t2,00..0099,,181,20.325,83.06666667,Orissa
449,11 11 44 - -1 5 10 5 0 |,BBt t4 4,5544..00,1133..77,3322..33,sscc] i,--,55..22,00..0077,,181,20.325,83.06666667,Orissa
450,Depth | Depth (cm),Hori- Hort- zon,Sand (2.0-0.05 mm) ((%%) ),SSiiltl t (0.05- 0.002mm); 0.002mm) ((%%) ),CCl la ay y | (<0.002 «0.002 mm) ((%%) ),Texture Texture·,Coarse | Coarse frag. v vo ol. l . | ((%%) ),pH | pH | 11: :2 2. .5 S wwa ate ter r,EC | 11: :2 2. .5 5 | wwa ate ter r (dS/m),"20°48' 15"" Nand 82° 34 '45"" E ",183,20.80416667,82.57916667,Orissa
451,0-18 0- 18,Ap,1188..22,4499..55,3322..33,ssiiccll,-~,>5 .7,0.31,"20°48' 15"" Nand 82° 34 '45"" E ",183,20.80416667,82.57916667,Orissa
452,18-50 | 18 - SO,Btl,14,43.6,42.4,ssiicc,--,6.1,0.42,"20°48' 15"" Nand 82° 34 '45"" E ",183,20.80416667,82.57916667,Orissa
453,50-75 50 - 75,Bt2,1122..77,4433..44,443 3..99,ssiicc,--,66..22,0.54,"20°48' 15"" Nand 82° 34 '45"" E ",183,20.80416667,82.57916667,Orissa
454,7755 -— 9 95 5,Bt3,1100..66,413 41.3,4488..11,ssiicc,-~,66..22,0.38,"20°48' 15"" Nand 82° 34 '45"" E ",183,20.80416667,82.57916667,Orissa
455,995 S -— I1 S50 O,Bt4,11}1..22,4433..55,4455..33,ssiicc,#NAME?,66..33,0.4,"20°48' 15"" Nand 82° 34 '45"" E ",183,20.80416667,82.57916667,Orissa
456,DDe ep pth th | (cm) (em),Hori- zzo on n |,Sand (( 22. .00- -0 0. .0 05 5 mm) (%) _(%1,SSiiltl t (0.05- 0.002mm)| 0.002mm) (%) (%1,Clay (<0.002 «0.002 mm) (%) (_%),Texture,| CCo oa ars rse e ffr ra ag g. . | vvo ol. l . | (%),| ppH H 11: :2 2. .5 5 wwa ate ter r,EC | 11: :2 2. .5 5 | wwa ate ter r (dS/m),"22°1'45"" Nand 84°4'30"" E ",185,22.02916667,84.075,Orissa
457,0-16 0- 16,Ap,3388..88,3322.1. 1,2299.1. 1,ccll,. -,77..00,0.89,"22°1'45"" Nand 84°4'30"" E ",185,22.02916667,84.075,Orissa
458,11 66 - -3 8 38 |,BBS SS S! 1,27.6,30,42.4,cc,-,7.4,0.83,"22°1'45"" Nand 84°4'30"" E ",185,22.02916667,84.075,Orissa
459,33 88 - -5 0 50 |,BBS SS S2 2,21.8,30,48.2,cc,-,7.6,0.76,"22°1'45"" Nand 84°4'30"" E ",185,22.02916667,84.075,Orissa
460,55 00 - -7 5 | 75,aBS SS S3 3,16.1,31.6,52.3,cc,-,7.7,0.68,"22°1'45"" Nand 84°4'30"" E ",185,22.02916667,84.075,Orissa
461,77 55 - -1 2 10 2 0 |,aBS SS S4 4,1144..22,32.9,5522..99,cc,. ~,7.9,0.59,"22°1'45"" Nand 84°4'30"" E ",185,22.02916667,84.075,Orissa
462,DDe ep pth th | (cm),Hori- zon,Sand ((22..00-.00..0055 mm) (%),SSiiltl t ((00..0055- - 0.002mm); 0.002mm) (%) | (%),Clay (<0.002 «0.002 mm) (%),Texture,Coarse | Coarse frag. vvool.l . | (%),| ppH H 1:2.5 wwa ate ter r,EC | 11::22..55 | wwa ate ter r (dS/m),,187,21.03333334,82.95,Orissa
463,0-22,Ap,19,41.6,39.4,ssiiccll,-,6.6,0.47,,187,21.03333334,82.95,Orissa
464,2222 —- 4488,Bwl,1122..66,4422..44,4455..00,ssiicc,-,77..00,00..3399,,187,21.03333334,82.95,Orissa
465,4488 -— 8800,Bw2,1133..77,4422..11,"4444,.22",ssiicc,-,77..11,00..4400,,187,21.03333334,82.95,Orissa
466,88 00 - -1 10 05 5 |,BBw w3 3,1144..44,3399..22,4466..44,cc,-,77..00,00..2255,,187,21.03333334,82.95,Orissa
467,105-130 105 - 130,| BBw w4 4,1122..00,3399..44,4488..66,cc,-,77..44,00..3333,,187,21.03333334,82.95,Orissa
468,Depth (cm) (em),HHo or ri iz zo on n |,SSa an nd d (2.0-0.05 (1.0-0.05 mm) (%),SSillti t ((00..0055-- | O0 .. O0 O02 lmmm m | )(%)- ) (%),Clay (<0.002 «0.001 mmm m) W(%) ) o ),Texture,| CCo oar as ne e frag.Vol. (%),pH 11: :2 1. .5 5 | water,"EC 11: :2 1. .5 5 | wwa ate ter r (dSm""') (dSm"")","19°54'45"" Nand 83°5' 15"" E ",189,19.9125,83.0875,Orissa
469,0-12 0- 12,Ap,2244..00,3300..33,445 5.7.7,cc,-~,6.7,0.89,"19°54'45"" Nand 83°5' 15"" E ",189,19.9125,83.0875,Orissa
470,12-30 12 - 30,A2,28,117 7..66,5544..44,cc,-~,12 7.2,0.72,"19°54'45"" Nand 83°5' 15"" E ",189,19.9125,83.0875,Orissa
471,3300 -— 5599,BSS1 BSSI,24.3,20.7,5555..00,cc,--,88..00,0.6,"19°54'45"" Nand 83°5' 15"" E ",189,19.9125,83.0875,Orissa
472,59-91 59 - 91,Bss2,222 2..55,1177..88,59.7,cc,-,88..00,0.52,"19°54'45"" Nand 83°5' 15"" E ",189,19.9125,83.0875,Orissa
473,91-120 91 - 120,Bss3,19.5,1166..77,6 63 3.8.8,cc,-,88..22,0.37,"19°54'45"" Nand 83°5' 15"" E ",189,19.9125,83.0875,Orissa
474,120—145 120 - 145,BBS-SS S4 4,1166..55,44..66,78.9,cc,--,88..33,0.31,"19°54'45"" Nand 83°5' 15"" E ",189,19.9125,83.0875,Orissa
479,0-8 0- 8,Ap,29.5,40,30.5,ccll,--,54 5.4 |,0.81,21 °11 ' Nand 83°35' 1 ,193,21.18333333,83.58361111,Orissa
480,88 -— 3300,Bwgl,24.5,39.8,35.7,ccll,-,55..88,0.75,21 °11 ' Nand 83°35' 1 ,193,21.18333333,83.58361111,Orissa
481,33 00 - -8 4 8 4 |,Bwg2,24.5,34.4,41.) 41.1,cc,-,6,0.69,21 °11 ' Nand 83°35' 1 ,193,21.18333333,83.58361111,Orissa
482,84-129 | 84 - 129,Bwg3,19.5,33.8,46.7,cc,--,6.2,0.55,21 °11 ' Nand 83°35' 1 ,193,21.18333333,83.58361111,Orissa
483,11 22 99 - - 16 ]66 6 |,Bwg4,16,35.7,48.3,cc,--,6.3,0.48,21 °11 ' Nand 83°35' 1 ,193,21.18333333,83.58361111,Orissa
484,Depth | Depth (cm),Hori- zzo on n |,Sand (( 22. .00- -0 0. .0 05 5 mm) ((%%) ),Silt (0.05- 0.002mm); 0.002mm) ((%%) ),Clay (<0.002 «0.002 mm) ((%%) ),Texture,| CCo oa ars rse e ffr ra ag g. . | vol. | vol. ((%%) ),| ppH H 11: :2 2. .5 5 water,EC | 11: :2 2. .5 5 water | water (dS/m),,195,21.325,83.29583333,Orissa
485,0-8 0 - 8,Ap,24.9,39.8,35.3,ccll,-,55..99,0.46,,195,21.325,83.29583333,Orissa
486,8-23 8- 23,BBtlt l,24.9,33.5,41.6,cc,33,66..77,0.43 | 0.43,,195,21.325,83.29583333,Orissa
487,2233 -— 4455,Bt2,19.4,33.9,46.7,ec,55,7.6,0.32,,195,21.325,83.29583333,Orissa
488,45-8] 45 - 81,Bt3,16.5,34.7,48.8,cc,55,7.6,0.1,,195,21.325,83.29583333,Orissa
489,81-120 81 - 120 |,Btgl B1g_1,16.2,36.3,47.5,cc,33,77..55,0.12,,195,21.325,83.29583333,Orissa
503,Depth | | Depth (em) | (cm),Hori-| Hori- zon | zon,Sand (2.0-0.05 | (2.0-0.05 mim) mm) ((%%) ),Silt (0.05- | (0.05- 0.002mm) ((%%) ) _,Clay | Clay (<0.002 «0.002 mm) ((%%) ),Texture,| CCo oa ars rse e frag. | frag. vol. ((%%) ),| pH pH 1:2.5 water,EC | 1:2.5 1:2.5 | wwa ate ter r (dS/m),,203,21.78333334,87.29166667,Orissa
504,0-21,AApp,4477..44,1144..11,38.5,sscc,-,66..44,0.76,,203,21.78333334,87.29166667,Orissa
505,2211 -- 5533,Bwl,1166..99,40.5,42.6,ssiicc,-,6.7,0.64,,203,21.78333334,87.29166667,Orissa
506,553 3 -— 8844,Bw2,1100..44,44.9,44.7,ssiicc,-,66..99,0.59,,203,21.78333334,87.29166667,Orissa
507,88 44 - -1 2 ]23 3 |,BBw w3 3,88..88,45.5,45.7,ssiicc,--,7,0.52,,203,21.78333334,87.29166667,Orissa
508,0-11 0- 11,Ap AQ_,68.5,19.2,12.3,sl 51,-,66..44,0.69,"19°53' N and 84°5'30"" E ",205,19.88333333,84.09166667,Orissa
509,I1]] -- 44]1,Btl Bt],62.3,19.5,18.2,sl 51,--,66..77,0.53,"19°53' N and 84°5'30"" E ",205,19.88333333,84.09166667,Orissa
510,41-89 41 - 89,Bt2,56.2,18.7,23.1 22.1,ssccli,-,66..88,0.5,"19°53' N and 84°5'30"" E ",205,19.88333333,84.09166667,Orissa
511,88 99 - -1 4 17 4 7 |,BBt t3 3,57.6,]16 6. .1 1,26.3,scl scI,-,7,0.42,"19°53' N and 84°5'30"" E ",205,19.88333333,84.09166667,Orissa
512,Depth | Depth (em) (cm),Hori- zzo on n |,Sand (( 22. .00- -0 0. .0 05 5 mm) ((%%)) _,Silt (0.05- 0.002mm); O.002mm) ((%%) ),Clay (<0.002 «0.002 mm) ((0%/)0 ),Texture,| CCo oa ars rse e ffr ra ag g. . | vvool.l . | ((%%) ) _,| ppH H 11: :2 2. .6 5 | wwa ate ter r |,EC 11: :2 2. .5 5 wwa ate ter r (dS/m),,207,22.275,86.1125,Orissa
513,0-18,Ap,5566..44,2255..22,1188..44,ssll,--,66..88,00..5511,,207,22.275,86.1125,Orissa
514,118 8—- 4444,BBtlt l,5522..00,2244..33,2233..66,sscclI,--,77..00,00..4433,,207,22.275,86.1125,Orissa
515,44-9] 44 -91,Bt2 St2,1188..55,5533..22,2288..33,ssiiccll,--,77..00,00..3366,,207,22.275,86.1125,Orissa
516,991 1 -— 113333,Cl,2288..33,49.7,22,ssiill,--,7A 7.1,0.28,,207,22.275,86.1125,Orissa
517,133-150 133 - 150,| CC2 2,"30,2 30.2",49.6,20.2,ssiill,#NAME?,"77,.22",0.17,,207,22.275,86.1125,Orissa
518,Depth Depth | (cm),Hori- zzo on n |,Sand (( 22. .00- -0 0. .0 05 5 mm) ((%%) ),SSiillt t (0.05- 0.002mm); 0.002mm) ((%%) ),Clay (<0.002 «0.002 mm) ((%%) ),Texture,Coarse | Coarse ffr ra ag g. . | vol. | vol. (“) (_%)_,| ppH H 11: :2 2. .5 5 water,EC | 11: :2 2. .5 5 | wwa ate ter r (dS/m),,209,21.60833333,87.425,Orissa
519,0-14 0- 14,Ap,21,32.7,46.3,cc,--,66..77,2.41,,209,21.60833333,87.425,Orissa
520,14-56 14 - 56,Bwl,1155..33,40.6,"4444,]. 1",ssiicc,--,77..00,2.23,,209,21.60833333,87.425,Orissa
521,56-91 56 - 91,Bw2,1144..66,43.9,4411..55,ssiicc,--,77..11,1.65,,209,21.60833333,87.425,Orissa
522,99 11 - -1 4 18 4 8 |,B Bw w3 3,1122..88,43.8,443 3..44,ssiicc,-~,be 7.3,1.78,,209,21.60833333,87.425,Orissa
523,DDe ep pth th | (cm) (em),Hori- zzo on n |,Sand (( 22. .00- -0 0. .0 05 5 mm) ((%%)),SSiiltl t (0.05- (O.OS- 0.002mm)| 0.OO2mm) ((0%/)0 ),Clay (<0.002 «0.002 mm) ((%%) ),Texture,| CCo oar as ne e ff rra ag g. . | vvo ol. l . | ((%%) ),| ppH H 11: :2 2. .5 5 wwa ate ter r,EC | 11: :2 2. .5 5 | wwa ate ter r ((ddSS//mm) ),"19°7'30"" N and 84°33'30"" E ",213,19.125,84.55833333,Orissa
524,0-15,Apg,56,16.6,27.3,ssccli,-,6,0.51,"19°7'30"" N and 84°33'30"" E ",213,19.125,84.55833333,Orissa
525,11 55 - -3 32 2 |,BBw wgl g l,60,99..88,30.2,ssccl i,#NAME?,77. .5 5,0.43,"19°7'30"" N and 84°33'30"" E ",213,19.125,84.55833333,Orissa
526,32-54 | 32-54,Bwg2,50,13.5,36.5,sscc,--,7.9,0.37,"19°7'30"" N and 84°33'30"" E ",213,19.125,84.55833333,Orissa
527,554 4- -7 77 7 |,BBw wg g3 3,50,11.7,38.3,sscc,1L..55,88..22,0.32,"19°7'30"" N and 84°33'30"" E ",213,19.125,84.55833333,Orissa
528,77 77 - -9 96 6 |,Bwg4,49.5,13.3,37.2,sscc,"]1.,00",8.4,0.18,"19°7'30"" N and 84°33'30"" E ",213,19.125,84.55833333,Orissa
529,99 66 - -1 5 10 5 0 |,BBw wg gs 5,60.2,9.5,30.3,ssccli,-~,88..44,0.12,"19°7'30"" N and 84°33'30"" E ",213,19.125,84.55833333,Orissa
535,DDe ep pth th | (cm),Hori- zzo on n |,Sand (( 22. .00- -0 0. .0 05 5 mim) mm) ((%%) ),SSiiltl t ((00..0055-- 0.002mm) ((%%) ),Clay (<0.002 «0.002 mm) ((%%) ),Texture,| CCo oa ars rse e ffrraagg. . | vvool.l . (%) (0/0),| ppH H 11::22..55 water,EC | 11::22..55 | wwa ate ter r (dS/m (dS/m),"20°50'30"" N and 86°52'15"" E ",217,20.84166667,86.87083333,Orissa
536,0-14 0- 14,Ap,36.8,38.2,25,Ii,-,4.5,0.55,"20°50'30"" N and 86°52'15"" E ",217,20.84166667,86.87083333,Orissa
537,11 44 - -4 4) 1 |,Btgl BtgI,36.7,22.8,40.4,cc,- :,4.9,0.5,"20°50'30"" N and 86°52'15"" E ",217,20.84166667,86.87083333,Orissa
538,441 1- -6 67 7 |,Btg2,33.9,18.5 18.S,47.6,cc,-,55..1 I,0.45,"20°50'30"" N and 86°52'15"" E ",217,20.84166667,86.87083333,Orissa
539,667 7- -9 96 6 |,Btg3,33.7,fe} 17.5,48.8,cc,- :,5.5,0.48,"20°50'30"" N and 86°52'15"" E ",217,20.84166667,86.87083333,Orissa
540,996 6- -1 12 27 7 |,BBt tg g4 4,43.4,17.3,39.3,ccll,55,5.6,0.4,"20°50'30"" N and 86°52'15"" E ",217,20.84166667,86.87083333,Orissa
541,112 27 7- -1 15 50 0 |,Btgs. Btg5,46.3,16.7,37,ccll,15,5.8,0.37,"20°50'30"" N and 86°52'15"" E ",217,20.84166667,86.87083333,Orissa
542,DDe ep pth tb | (cm),Hori- Bori- zzo on n |,Sand (( 22. .00- -0 0. .0 05 5 mm) (%),SSiiltl t (0.05- 0.002mm); 0.OO2mm) (%),Clay (<0.002 «0.002 mm) ((%%) ),Texture,| CCo oa ars rse e ffr ra ag g. . | vvo ol. l . | ((%%) ),pH | pH 11: :2 2. .5 5 | wwa ate ter r,EC 11: :2 2. .5 5 | wwa ate ter r (dS/m),,219,19.36666667,84.77916667,Orissa
543,0-14,Ap Apg,6611..00,2200..33,118 8..77,ssll,--,55..99,0.86 0.S6,,219,19.36666667,84.77916667,Orissa
544,114 4- -3 34 4 |,Bwgl BwgI,5566..66,2222..11,2233..33,ssccli,--,66..22,00..9911,,219,19.36666667,84.77916667,Orissa
545,34-55 | 34 - 55 _,Bwg2,5Si7n.d3,2222..77,2222..00,sscclI,--,66..22,00. .7 74 4,,219,19.36666667,84.77916667,Orissa
546,55 S5 - -8 0 | 80,Bwg3,5577..11,2222..77,2222..22,ssccli,--,66..33,0.68,,219,19.36666667,84.77916667,Orissa
547,88 00 - -1 1 10 | 1 0,BBw wg g4 4,60.4,19.4,20.2,ssccli,66,6.4,0.57,,219,19.36666667,84.77916667,Orissa
548,110-150 | 110 - 150,BBw wg g5 5,5599..00,2200..77,20.3,ssccli,1100,66..55,0.49,,219,19.36666667,84.77916667,Orissa
549,DDe ep pth th | (cm) (em),Hori- Hori· zon | ZOD,"Sand (( 22, .00- -0 0. .0 05 5 mm) ((%%) )",SSiillt t (0.05- 0.002mm)| 0.002mm) ((%%) ),Clay (<0.002 «0.002 mm) ((%%) ),Texture,Coarse | Coarse ff rra ag g. . | vvool.l . | ((%*) ),| ppH H 11: :2 2. .5 5 wwa ate ter r,EC | 11: :2 2. .5 5 water | water ((ddSS//mm) ),"19°42'30"" Nand 85°11' E ",221,19.70833333,85.18333333,Orissa
550,0-21 0 -21,Apk,14.4,48.5,37.1,ssiiccl l,--,73 7.3,0.42,"19°42'30"" Nand 85°11' E ",221,19.70833333,85.18333333,Orissa
551,2 21 1- -4 48 8 |,Bsskl,113 3..66,43.5,42.9,ssiicc,--,77..66,0.27,"19°42'30"" Nand 85°11' E ",221,19.70833333,85.18333333,Orissa
552,48-82 | 48 - 82,Bssk2,335 5. .6 6 |,115 5..44,49,cc,--,79 7.9,0.13,"19°42'30"" Nand 85°11' E ",221,19.70833333,85.18333333,Orissa
553,82-105 82 -1 05 |,BBs ss sk k3 3,3388..77,1155..22,4466..11,cc,--,88..00,00..9955,"19°42'30"" Nand 85°11' E ",221,19.70833333,85.18333333,Orissa
554,110 05 5- -1 )5 55 5 |,BBs ss sk k4 4,4400..22,1144..88,4455..00,cc,--,88..22,00..7766,"19°42'30"" Nand 85°11' E ",221,19.70833333,85.18333333,Orissa
555,DDe ep pth th | (cm) (em),Hori- Bori- zon | zon,Sand (( 22. .00- -0 0. .0 05 5 mm) ((“%%) ),SSiiltl t (0.05- 0.002mm); 0.002mm) ((%%) ),Clay (<0.002 | (<0.002 mm) ((%%) ),Texture,| CCo oa ars rse e | frag. | rrag. vol. | vol. ((%%) ),ppH H 1:2.5 water,EC | 1:2.5 1:2.5 | wwa ate ter r (dS/m),"21°08'15"" Nand 86°50'15"" E ",223,21.1375,86.8375,Orissa
556,0-26 0 -26,A,30.5,33.4,36.1,ccll,- ~,6.4,0.88,"21°08'15"" Nand 86°50'15"" E ",223,21.1375,86.8375,Orissa
557,229 9- -6 61 1 |,BBg gw wl l,8,51.8,40.2,sic,-,6.7,0.76,"21°08'15"" Nand 86°50'15"" E ",223,21.1375,86.8375,Orissa
558,661 1- -9 99 9 |,Bwg2,9.1,52.9,38,sicl sic!,-,6.6,0.63,"21°08'15"" Nand 86°50'15"" E ",223,21.1375,86.8375,Orissa
559,99-150 99 - 150 |,Bwg3 Bwg3 |,11,45.7,43.2,sic,-,6.8,0.6,"21°08'15"" Nand 86°50'15"" E ",223,21.1375,86.8375,Orissa
560,Depth | Depth (cm) (em),Hori- zzo on n |,Sand (( 22. .00- -0 0. .0 05 5 mim) mm) ((%%) ),SSiilltt (0.05- | (0.05- 0.002mm)| 0.002mm) ((%%)),Clay (<0.002 «0.002 mm) ((%%) ),Texture,| CCo oa ars rse e | ffr ra ag g. . | VVol o. l . | ((%%))_,ppH H 11: :2 2. .5 5 water,EC | 11: :2 2. .5 5 | wwa ate tr e r (dS/m),"20°13'45"" Nand 85°14'30"" E ",225,20.22916667,85.24166667,Orissa
561,0-14 0 - 14,A,47.6,15.6,36.8,sscc,50,55..00,0.05,"20°13'45"" Nand 85°14'30"" E ",225,20.22916667,85.24166667,Orissa
562,14-31 14 - 3\,BBtlt l,42.5 42.S,1122..66,44.9,cC,65,55..00,0.05,"20°13'45"" Nand 85°14'30"" E ",225,20.22916667,85.24166667,Orissa
563,31-69 31 - 69,Bt2,44.5,10,45.5,cc,75,44..99,0.05,"20°13'45"" Nand 85°14'30"" E ",225,20.22916667,85.24166667,Orissa
564,69+,CCrr,weathered parent material,,,,,,,"20°13'45"" Nand 85°14'30"" E ",225,20.22916667,85.24166667,Orissa
565,Depth (cm) (em),Horizon,Sand (2.0-0.05 mm) (%),SSillit t ((00..0055- - 0.002mm) W(%).),Clay (<0.002 mm) (%) mm) (Of.),Texture,Coarse Coar e frag. vvool.l . (( O%) f. ) |,pH 1:2.5 wwa ate ter r,"EC 1:2.5 | wwa ate ter r (dSm"")",20°40' Nand 86°34' E ,229,20.66666667,86.56666667,Orissa
566,0-13 0 - J3,Ap Ao,12,36.7,51.3,cc,-~,6,0.48,20°40' Nand 86°34' E ,229,20.66666667,86.56666667,Orissa
567,1133 -— 2 27 7,Cl CI,32.6,37.8,29.6,cclI,--,6.5,0.42,20°40' Nand 86°34' E ,229,20.66666667,86.56666667,Orissa
568,2277 —- 5500,C2,44..44,35.8,59.8,Ccc,--,6.5,0.26,20°40' Nand 86°34' E ,229,20.66666667,86.56666667,Orissa
569,50-71 50 - 71,C3,3.7,36.9,59.4,cc,#NAME?,6.5,0.23,20°40' Nand 86°34' E ,229,20.66666667,86.56666667,Orissa
570,771 1 -- —9 92 2,C4,2.3,27.8,69.9,cc,--,6.5,0.13,20°40' Nand 86°34' E ,229,20.66666667,86.56666667,Orissa
571,92-111 92 - 111,C5,8,36.3,55.7,cc,--,6.6,0.07,20°40' Nand 86°34' E ,229,20.66666667,86.56666667,Orissa
572,111 11 1 -— 113 32 2,C6,12.1,30.6,57.3,cc,#NAME?,6.7,0.05,20°40' Nand 86°34' E ,229,20.66666667,86.56666667,Orissa
573,113 32 2 -— 116 60 0,C7,10.4,33.9,55.7,cc,--,6.8,0.03,20°40' Nand 86°34' E ,229,20.66666667,86.56666667,Orissa
574,D e p t h Depth ( c m ) (em),H o r i z o n Horizon,S a n d Sand | )( 2 . 0 - 0 . 0 5 (1.0·0.05 m m ( % ) mm) (Of.) |,Slit Siit )( 0 . 0 5 - (0.05· 0 _. 0 0 2 m m O.OOlmm) } ( % ) (0/0),2C l a y Clay ( < 0 . 0 0 «0.002 m m ) mm) ( % ) (%),T e x t u r e Tuture,Coarse | C o a r s e frag. ( % ) (0/0),p H pH 1:2.5 1:1.5 w a t e r water,E C EC 1:2.5 )w a t e r water (dSm' l ) ( d S m ‘ ',,231,20.575,86.2875,Orissa
575,0 - 1 8 0 - 18,A p Ap,4 5 . 4 45.4,12,4 2 . 6 42.6,c,- =,5.8,0.65,,231,20.575,86.2875,Orissa
576,1 8 - 3 5 18 - 35,B w l Bwl,4 0 . 7 40.7,14.9,4 4 . 4 44.4,c c,- ~,5.8,0.61,,231,20.575,86.2875,Orissa
577,35 - 52 35 -— $2,B w 2 Bw2,4 2 . 4 42.4,14.1,4 3 . 5 43.5,c c,- -,5.5,0 . 5 4 0.54,,231,20.575,86.2875,Orissa
578,52 - 68 52 - 68,B w 3 Bw3,30.3,19.6,50.1,c c,- -,5.6,0 . 5 4 0.54,,231,20.575,86.2875,Orissa
579,68 - 86 68 — 86,B w 4 Bw4,2 5 . 7 25.7,20.7,53.6,c c,- -,5.7,0.43,,231,20.575,86.2875,Orissa
580,8 6 - 1 1 0 86 - 110,B w s Bw5,17.9,2 5 . 4 25.4,56.7,c é,- -,6,0.32,,231,20.575,86.2875,Orissa
581,1 1 0 - 1 3 0 110 - 130,B w 6 Bw6,11.9,3 2 . 9 32.9,55.2,c c,#NAME?,6.3,0 . 2 9 0.29,,231,20.575,86.2875,Orissa
582,130 - 150 130 — 150,B w 7 Bw7,9.1 9.1,4 3 . 5 43.5,4 7 . 4 47.4,sic sic,- =,6.5,0 . 1 9 0.19,,231,20.575,86.2875,Orissa
583,Depth (em),Horizon,Sand (2.0-0.05 (2.0·0.05 mm) (%),SSillitt (( 00. .0 05 5- . 0.002mm) 0.OO2mm) (%),Clay (<0.002 «0.002 mm) (%),TTe ex xtu ture re |,CCo oa ars rse e (frraagg. . vvool.l . (%),pH 11::22..55 water,"EC 11::22..55 water (dSm"") (dSm"" )",,233,20.59583333,86.28611111,Orissa
584,0-14 0- 14,Ap,22,44.2,33.8,ssiiccll,·-,55..55,0.81,,233,20.59583333,86.28611111,Orissa
585,14-36 14 - 36,Bwl,20.3,43.2,36.5,ssiiccll,·-,55..88,0.77,,233,20.59583333,86.28611111,Orissa
586,336 6 -- 660 0,Bw2,"66,.55",446 6..77,46.8,ssiicc,·-,66..00,0.72,,233,20.59583333,86.28611111,Orissa
587,60-78 60 - 78,Bw3,2211..55,3366..66,4411..99,ssiicc,·-,66..22,00..6688,,233,20.59583333,86.28611111,Orissa
588,78-92 78 - 92,Bw4,10,44.8,45.2,ssiicc,·-,6.4,0.64,,233,20.59583333,86.28611111,Orissa
589,992 2 -— 111 14 4,Bw5 BwS,32.5,32.8,34.7,ccll,·-,66..33,0.56,,233,20.59583333,86.28611111,Orissa
590,11 11 44 - —- 113 32 2,Bw6,55..66,445 5..88,48.6,ssiicc,·-,66..44,0.54,,233,20.59583333,86.28611111,Orissa
591,113 32 2 -— I1 S50 O,Bw7,66..00,4488.2.2,4455.8.8,ssiicc,·-,66..33,00..4488,,233,20.59583333,86.28611111,Orissa
592,Depth (cm),Horizon,Sand (2.0-0.05 (2.0.0.05 mmm m) ) (( %%) ) |,SSillti t (0.05- O0. .O00 O2 2m mm m) ) (%) _(%)_,Clay (<0.002 «0.002 | mmm m) ) (( %%) ),Textu re,Coarse frag. Vol. (rag. Vol. (%) Wo),pH 1:2.5 water,"EC 1:2.5 | wwa ate ter r (dSm"") (dSm·l )","20°08'45"" Nand 85°45' E ",235,20.14583333,85.75,Orissa
593,0-14,AAp p |,29.4,34.4,36.2 36.2 |,ol cJ,#NAME?,5,0.87,"20°08'45"" Nand 85°45' E ",235,20.14583333,85.75,Orissa
594,14-39 14 -39,Bwil Bwl,30.3,30,39.7,ccll,-~,5.1 5.J,0.83,"20°08'45"" Nand 85°45' E ",235,20.14583333,85.75,Orissa
595,3399 —- 6600,Bw2,24.5,44.3,31.2,ccll,--,49 4.9,0.7,"20°08'45"" Nand 85°45' E ",235,20.14583333,85.75,Orissa
596,660 0 -— 9977,Bwgl,14.5,53.6,31.9,sicl sicJ,--,4.5,0.64,"20°08'45"" Nand 85°45' E ",235,20.14583333,85.75,Orissa
597,97-155 97 - ISS,Bwg2,34.3,36.4,29.3 ___ 29.3,ccll,--,4.5,0.57,"20°08'45"" Nand 85°45' E ",235,20.14583333,85.75,Orissa
598,Depth (cm) (em),| HHo or ri iz zo on n,Sand (2.0-0.05 mm) (%),SSillti t (( 00. .0 05 5- - 0.002mm) (%),Clay (<0.002 «0.002 mm) (%),Textu Tutu rree,| Coarse Coarse fragment | | fragment 5s (( %%) ),pH 1:2.5 water,"EC 1:2.5 | wwa ate ter r (( dd SSm m""' -)l )","20°23'20"" Nand 85°52' E ",237,20.38888889,85.86666667,Orissa
599,0-15,Ap,22.8,$3.5 53.5,23.7,ssilil,-,5.8,0.87,"20°23'20"" Nand 85°52' E ",237,20.38888889,85.86666667,Orissa
600,115 5 -— 330 0,Bwl,18,"46,7 46.7",35.3,ssiicc] l,--,6,0.62,"20°23'20"" Nand 85°52' E ",237,20.38888889,85.86666667,Orissa
601,330 0—- S50 O,Bw2,15.4 1504,42.6,42,ssiicc,-~,6.1,0.71,"20°23'20"" Nand 85°52' E ",237,20.38888889,85.86666667,Orissa
602,50-75,Bw3,1177..55,"443 44,3",38.2,ssiiccl l,-~,6.3,0.43,"20°23'20"" Nand 85°52' E ",237,20.38888889,85.86666667,Orissa
603,75-100,2C | 2C,78.4,99..33,12.3,ssll,--,6.6,0.44,"20°23'20"" Nand 85°52' E ",237,20.38888889,85.86666667,Orissa
604,Depth | Deptb (cm) (em),Hori- zon | zon,Sand (2.0-0.05 mm) ((%%) ),Silt (0.05- | (0.05- 0.002mm)| 0.OO2mm) ((%%) ),Clay | Clay (<0.002 «0.002 mm) ((%%) ),TTe ex xt tu ure re,Coarse | Coarse frag. | frag. vol. | vol. ((%%) ),pH | pH 1:2.5 water,EC | 11: :2 2. .5 5 | wwa ate ter r (dS/m),,239,19.975,85.70833333,Orissa
605,0-15 0 -15,Ap,24.5 |,19.6,55.9,cc,--,45 4.5,0.79,,239,19.975,85.70833333,Orissa
606,11 55 - -3 38 | 8,Bwegl Bwg1,20.4,17.6,62.6,cc,--,5.0 | 5.0,0.67,,239,19.975,85.70833333,Orissa
607,38~62 | 38 - 62,Bwg2,12.5,21.7,65.8,cc,--,55 5.5,0.64,,239,19.975,85.70833333,Orissa
608,62-95 | 62 - 95,Bwg3,22.3,15.4,62.3,cc,--,6.2,0.58,,239,19.975,85.70833333,Orissa
609,95-150 | 95 - 150,Bwg4,25.6,15.9,58.5,cc,-=,6.3,0.51,,239,19.975,85.70833333,Orissa
610,Depth [ Deptb (cm),|Hori-| Hori- zzo on n |,Sand (( 22. .00- -0 0. .0 05 5 mm) ((‘%“)),Silt (0.05- 0.002mm);| 0.002mm) ((%%) ),Clay | Clay (<0.002 «0.002 mm) ((%*) ),TTe ex xtu ture r e |,Coarse ffr ra ag g. . | vol. | vol. ((%%) ),| ppH H 11: :2 2. .5 5 water,EC | 11: :2 2. .5 5 | wwa ate ter r ((ddSS//mm) ),,241,19.79194444,85.97555556,Orissa
611,0-18 | 0 - 18,Ap,84,6.5,9.5,IIss,-=,5.6 | 5.6,0.65,,241,19.79194444,85.97555556,Orissa
612,1188 -— 334 4,Al2,6688. .5 5,99..00,2222..55,ssccli,--,55..99,00..5588,,241,19.79194444,85.97555556,Orissa
613,34-7] 34-71,Cl,82.6,88..99,88. .5 5,IIss,--,55..77,0.51,,241,19.79194444,85.97555556,Orissa
614,71-106 | 71 - 106,Cgl Cgt,8855..00,77..55,75 7.5,IIss,--,55..88,00..4477,,241,19.79194444,85.97555556,Orissa
615,11 00 66 - - 15 10 5 0 |,CCg g2 2,8844..00,77..55,88..55,Ilss,--,66..00,0.43,,241,19.79194444,85.97555556,Orissa
616,Depth | Depth (cm) (em),Hori- zzo on n |,Sand (( 22. .00- -0 0. .0 05 5 mm) (%) (0/0),SSiillt t (0.05- 0.002mm)| 0.002mm) (%) (0/0),Clay (<0.002 «0.002 mm) (%) (0/0),Texture,| CCo oa ars rse e frag. vvool.l . | ((%%) ),| ppH H | 11: :2 2. .5 5 wwa ate ter r,EC | 11: :2 2. .5 5 water | water (dS/m),"19°58' 36"" Nand 85°30' E ",243,19.97666667,85.5,Orissa
617,0-15 0 - 15,Ap,25.6,36.9,37.5,ccll,--,3,0.87,"19°58' 36"" Nand 85°30' E ",243,19.97666667,85.5,Orissa
618,is—32_ | 15 - 32,Ag A2,41,37.6,21.4,cl,= -,5.0 | 5.0,0.8,"19°58' 36"" Nand 85°30' E ",243,19.97666667,85.5,Orissa
619,32-65 32 - 65,Cgi C~l,15,42.6,42.4,ssiicc,--,55..66,0.72,"19°58' 36"" Nand 85°30' E ",243,19.97666667,85.5,Orissa
620,65-95 65 - 95,Cg2,41.1 41. J,36.3,22.6,Il,--,4,0.65,"19°58' 36"" Nand 85°30' E ",243,19.97666667,85.5,Orissa
621,95-150 | 95 - 150,Cg3 CJ.t3,24.6,39.9,35.5,ccll,-~,5,0.54,"19°58' 36"" Nand 85°30' E ",243,19.97666667,85.5,Orissa
622,Depth (cm),| HHo ori r- i - zon,Sand (2.0-0.05 mm) (%),SSiiltl t (0.05- 0.002mm) (%) | (%),Clay (<0.002 «0.002 mm) (%),Texture ~,Coarse | Coar e frag. vvool.l . (%),| ppH H 1:2.5 {| 1:2.5 water,EC | 11: :2 2. .5 5 | wwa ate ter r (dS/m),"19°53' 30"" Nand 85°56' E ",245,19.89166667,85.93333333,Orissa
623,0-19 0 - 19,Ap,115 5..00,50.9,34.1,ssiiccll,--,55 5.5,2.8,"19°53' 30"" Nand 85°56' E ",245,19.89166667,85.93333333,Orissa
624,19-55 19 - 55,| BBwweggl l,1199..88,3322..44,4477.8.8,cc,--,66..99,22..9 9] 1,"19°53' 30"" Nand 85°56' E ",245,19.89166667,85.93333333,Orissa
625,55-95 55 - 95,Bwg2,99..55,4433..22,4477.3.3,ssiicc,--,il 7.1,22..6644,"19°53' 30"" Nand 85°56' E ",245,19.89166667,85.93333333,Orissa
626,95-148 95 - 148,| BBw wg g3 3,44..66,4488.6.6,4466..88,ssiicc,--,77..33,22..3322,"19°53' 30"" Nand 85°56' E ",245,19.89166667,85.93333333,Orissa
627,0-8 0 - 8,Apgl,46.1,26.4 '26.4,27.5,scl sci,-,5.4,1.08,,247,20.39583333,86.44583333,Orissa
628,8-29 8 - 29,Ag2,66.2,15.4,18.4,ssll,-,7.8,0.87,,247,20.39583333,86.44583333,Orissa
629,229 9- -6 69 9 |,22C el l,14.9,58.4,26.7,ssiill,-:,ti 7.7,0.76,,247,20.39583333,86.44583333,Orissa
630,69-90 | 69 - 90,3C2,88.3,a 2.5,9.2,sS,- ~,7.6,0.7,,247,20.39583333,86.44583333,Orissa
631,90-130 | 90 - 130,44C C3 3,24.5,51.9,23.6,ssiill,- :,7.8,0.63,,247,20.39583333,86.44583333,Orissa
632,130-140 130 - 140,| 55C C4 4,76.4,11.3,12.3,Ilss,-,8,0.57,,247,20.39583333,86.44583333,Orissa
633,Depth (cm),| HHo ori r- i - zon,Sand (2.0-0.05 mm) (A) (%),Silt (0.05- (0.05 .. 0.002mm)| 0.OO2mm) _( (% %) ),Clay | Clay (<0.002 «0.002 mm) (%) 1%),Texture,| CCo oar as re s| e frag. Crag. vol. | vol. (“) (%J,pH 1:2.5 water,| EC EC | 11: :2 2. .5 5 | wwa ate ter r (dS/m) _(dS/mj,"19°50'50"" Nand 85°54'30"" E ",249,19.84722222,85.90833333,Orissa
634,0-20 0 - 20,AA,8899..00,43 4.3,66..77,Ilss,--,66..66,44..44,"19°50'50"" Nand 85°54'30"" E ",249,19.84722222,85.90833333,Orissa
635,2200 -- 5500,Al2 AI2,8899..44,44..22,66..44,IIss,#NAME?,77..00,33..88,"19°50'50"" Nand 85°54'30"" E ",249,19.84722222,85.90833333,Orissa
636,550 0—- 888 8,Cl CI,9911..11,44..66,43 4.3,ss,--,66..99,44..00,"19°50'50"" Nand 85°54'30"" E ",249,19.84722222,85.90833333,Orissa
637,888 8 -— 112 20 0,C2,8899..99,44..22,55..99,s8,--,66..88,44..66,"19°50'50"" Nand 85°54'30"" E ",249,19.84722222,85.90833333,Orissa
638,DDe ep pth th | (cm),HHo ori r- i - zou ZOD,Sand ((22..00--00..0055 mm) ((‘%%)),SSiilltt ((00..0055-- 0.002mm)| O.OO2mm) ((%%)),Clay (<0.002 «0.002 mm) ((%%) ),Texture,| CCo oa ars rse e ffrraagg. . vvool.l . | ((%%) ),| ppH H 11::22..55 water,EC | 11::22..55 | wwa ate ter r (dS/m),,251,19.88944444,85.93166667,Orissa
639,0-2) 0-21,Ap,1166..88,4488..77,3344..55,ssiiccll,-~,66..99,00..6688,,251,19.88944444,85.93166667,Orissa
640,22 11 - -5 0 50 |,BBw wgl g J,7i).3,5566..55,3366..22,ssiiccll,--,77..33,00..6622,,251,19.88944444,85.93166667,Orissa
641,50-85 | 50- 85,Bwg2,7.6,50.1,42.3,sic,-=,76 | 7.6,057 0.57,,251,19.88944444,85.93166667,Orissa
642,88 55 - -1 3 18 3 8 |,B Bw wg g3 3,77..88,4477..77,44.5,ssiicc,-~,778.8,00..4499,,251,19.88944444,85.93166667,Orissa
643,Depth | Depth (cm),Hori- zzo on n |,Sand (( 22. .00- -0 0. .0 05 5 mm) ((%%) ),Silt (0.05- 0.002mm)| 0.002mm) (%),Clay (<0.002 «0.002 mm) (%),Texture,| CCo oa ars rse e frag. | frag. vol. | vol. (%),pH | pH 1:2.5 water,EC | 1:2.5 1:2.5 water | water (dS/m)_ (dS/m),,253,20.71666667,86.63611111,Orissa
644,0-11 0- 11,Ap,2255..66,5500..66,"23,8 23.8",ssiill,--,55..88,1.62,,253,20.71666667,86.63611111,Orissa
645,11-25 11 -25,Bw! Bwl,18.2,5511..88,3300..00,ssiiccll,- ~,55..88,1.41,,253,20.71666667,86.63611111,Orissa
646,2255 -— 3377,Bw2,1166..66,5500..77,3322..77,ssiiccll,-~,55..66,1.3,,253,20.71666667,86.63611111,Orissa
647,37-50 37 - 50,Bw3,1199..44,5511..22,2299..44,ssiiccl l,--:,55..77,1.18,,253,20.71666667,86.63611111,Orissa
648,50-75 50 - 75,Bw4,26.8,4499..00,24.2,ssiill,-,6,0.94,,253,20.71666667,86.63611111,Orissa
649,7755 -— 110 00 0,2Cl,5566..22,2255..00,1188..88,ssll,#NAME?,66..33,0.83,,253,20.71666667,86.63611111,Orissa
650,11 00 00 - - 12 15 25 |,22C C2 2,6644..00,220 0..00,1166..00,sl 51,-,66..55,0.87,,253,20.71666667,86.63611111,Orissa
